;brand;price
0;Cadeira Gamer Prizi Canvas, Até 120Kg, Com Almofadas, Preta;R$ 459,90
1;Cadeira Gamer Prizi JX-1039B, até 120 kg, com Almofadas na lombar e pescoço, Azul;R$ 459,90
2;Cadeira Gamer Husky Gaming Tempest 700, Preto e Vermelho, Com Almofadas, Descanso Para Pernas Retrátil, Reclinável - HGMA075;R$ 1.499,99
3;Cadeira Gamer Husky Gaming Tempest 700, Preto, Com Almofadas, Descanso Para Pernas Retrátil, Reclinável - HGMA074;R$ 1.099,99
4;Cadeira Gamer Prizi PZ1006E, até 120kg, Couro sintético de PU, Ângulo ajustável, Descanso de pé, com Almofadas para Pescoço e Lombar, Azul;R$ 459,90
5;Cadeira Gamer Husky Gaming Tempest 500, Preto, Com Almofadas, Descanso Para Pernas Retrátil, Reclinável - HGMA078;R$ 939,99
6;Cadeira Gamer Husky Gaming Tempest 700, Cinza Claro, Com Almofadas, Descanso Para Pernas Retrátil, Reclinável - HGMA076;R$ 1.099,99
7;Cadeira Gamer ThunderX3 TGC12, Até 120kg, com Almofadas, Reclinável, Preto;R$ 1.189,99
8;Cadeira Gamer Husky Gaming Tempest 700, Branco,  Com Almofadas, Descanso Para Pernas Retrátil, Reclinável - HGMA077;R$ 1.099,99
9;Cadeira Gamer Prizi, Amarela, Com Almofadas - JX-1039Y;R$ 459,90
10;Cadeira Gamer Husky Gaming Tempest 500, Preto e Branco, Com Almofadas, Descanso Para Pernas Retrátil, Reclinável - HGMA082;R$ 979,99
11;Cadeira Gamer Mx5 Giratória Branco E Azul Marinho - Mymax;R$ 679,15
12;Cadeira Gamer Mymax Mx5 ,Peso Suportado até 150Kg, Giratória, Preto;R$ 679,15
13;Cadeira Gamer Prizi Escritório, Infinity - Branca;R$ 369,90
14;Cadeira Gamer Raven X-10, Até 150kg, com Almofadas, Descanso  de Braço 2D, Preto - CDRVX10TP;R$ 799,99
15;Cadeira Gamer Husky Gaming Storm, Preto, Com Almofadas, Reclinável, Descanso de Braço 2D - HST-BK;R$ 829,99
16;Cadeira Gamer Prizi Runner, 180Kg, Giratória, Azul;R$ 338,90
17;Cadeira Gamer Prizi Pz1006e, até 120 Kg, Ângulo ajustável do encosto, Vermelha;R$ 459,90
18;Cadeira Gamer Mymax Mx5, Peso Suportado até 150Kg, Giratória, Preto e Azul;R$ 679,15
19;Cadeira Gamer MX6, Giratória, Azul e Preto, Mymax;R$ 594,15
20;Cadeira Gamer Alpha Gamer Vega, Preto, Reclinável, com Almofadas, Cilindro de Gás Classe 4;R$ 1.179,99
21;Cadeira Gamer Husky Gaming Tempest 500, Preto e Azul, Com Almofadas, Descanso Para Pernas Retrátil, Reclinável - HGMA081;R$ 999,99
22;Cadeira Gamer Alpha Gamer Kappa, Até 150 kg, Apoio de Braço Acolchoado, Cilindro de Gás Classe 4, Preto e Verde - AGKAPPA-BK-GRN;R$ 649,99
23;Cadeira Gamer Corsair T3 Rush, Até 120Kg, Apoio de Braços 4D, com Almofadas, Reclinável, Cinza e Branco - CF-9010030-WW;R$ 1.449,99
24;Cadeira Gamer MyMax, Giratoria, Preto -  MX12;R$ 806,65
25;Cadeira Gamer ThunderX3 TGC12, Preto e Vermelho, Reclinável, com Almofadas, Cilindro de Gás Classe 4;R$ 1.099,99
26;Cadeira Gamer Husky Gaming Tempest 500 Black e Purple, Com Almofadas, Descanso Para Pernas Retrátil, Reclinável - Special Edition;R$ 999,99
27;Cadeira Gamer Husky Gaming Hailstorm, Preto, Com Almofadas, Reclinável, Descanso de Braço 2D - HHA-BK;R$ 869,99
28;Cadeira Gamer Prizi Runner, 180KG, Verde;R$ 339,90
29;Cadeira Gamer ThunderX3 BC3 Black - 67991;R$ 1.099,99
30;Cadeira Gamer Mymax Mx5, Suportado até 150Kg, Giratória, Preto e Branco;R$ 679,15
31;Cadeira Gamer Alpha Gamer Alegra Fabric Cinza - AGALEGRA-F-GRY;R$ 1.899,99
32;Cadeira Gamer Raven X-30, Preto,  Até 200Kg, com Almofadas, Descanso de Braço 4D, Encosto Reclinável, Trava de Inclinação, Preto - CDRVX30PP;R$ 1.199,99
33;Cadeira Gamer Mymax Mx5, Até 150 Kg, Giratória, Preta e Vermelha;R$ 679,15
34;Cadeira Gamer Thunderx3 TGC12 Profissional, Até 120kg, Com Almofadas, Reclinável, Descanso de Braço 2D, Rosa e Preto - 78203;R$ 1.199,99
35;Cadeira Gamer Stillus Ergonômica Com Apoio Para Os Pés - Rosa;R$ 749,90
36;Cadeira Gamer Alpha Gamer Polaris Racing Edition, Até 150Kg, Cilindro de Gás 4, Descanso de Braço  4D, Preto e Azul - AGPOLARISRE-BK-BL;R$ 899,99
37;Cadeira Gamer Mymax MX8, Suportado até 150Kg, Giratória, Preto - Mgch-8170/bk;R$ 664,05
38;Cadeira Gamer Mymax Mx5, Peso Suportado até 150Kg, Giratória, Preto e verde;R$ 679,15
39;Cadeira Gamer Alpha Gamer Polaris Racing Edition, Até 150Kg, Cilindro de Gás 4, Descanso de Braço 4D, Preto e Vermelho - AGPOLARISRE-BK-R;R$ 899,99
40;Cadeira Gamer Husky Gaming Avalanche, Rosa e Branco, Com Almofadas, Reclinável, Descanso de Braço 3D - HAV-PW;R$ 844,99
41;Cadeira Gamer Mymax Mx1, Peso Suportado até 120Kg, Giratória, Preto E Rosa -  94013900;R$ 568,65
42;Cadeira Gamer Husky Gaming Storm, Preto e Vermelho, Com Almofadas, Reclinável, Descanso de Braço 2D - HST-BR;R$ 849,99
43;Cadeira Gamer ThunderX3 BC3 Camo/CZ, Black Hawk - 67994;R$ 1.099,99
44;Cadeira Gamer Mymax MX7, Suporta Até 150kg, Giratória, Preto E Vermelho;R$ 759,05
45;Cadeira Gamer Mymax Mx8, Giratória, 150Kg, Preto E Vermelho;R$ 594,15
46;Cadeira Gamer Husky Gaming Frost, Preto e Vermelho, Cilindro de Gás Classe 3, Base em Nylon, Roda em Nylon - HFR-BR;R$ 664,99
47;Cadeira Gamer Raven X-10, Até 150Kg, com Almofadas, Descanso de Braço 4D, Reclinável, Trava de Inclinação, Preto e Vermelho - CDRVX10PV;R$ 689,99
48;Cadeira Gamer Husky Gaming Snow, Preto e Vermelho, Cilindro de Gás Classe 4, Base em Metal, Roda em Nylon - HSN-BR;R$ 559,99
49;Cadeira Gamer Alpha Gamer Kappa,  Até 150 kg, Apoio de Braço Acolchoado, Cilindro de Gás Classe 4, Preto e Azul - AGKAPPA-BK-BL;R$ 699,99
50;Cadeira Gamer DT3 Royce Ashen, Com Almofadas, Reclinável, Apoio de braço 4D, Cinza e Preto - 13340-1;R$ 2.299,99
51;Cadeira Gamer Husky Gaming Blizzard, Preto e Azul, Com Almofadas, Reclinável, Descanso de Braço 2D - HBL-BB;R$ 839,99
52;Cadeira Gamer, XT Racer Draco, Reclinável Ergonômica, Tecido Polyester, Preto e Azul.;R$ 2.299,00
53;Cadeira Gamer Corsair T3 Rush, Até 120Kg, Apoio de Braços 4D, com Almofadas, Reclinável, Cilindro de Gás Classe 4, Carvão - CF-9010029-WW;R$ 2.099,99
54;Cadeira Gamer Husky Gaming Storm, Branco e Rosa, Com Almofadas, Reclinável, Descanso de Braço 4D - HST-PW;R$ 849,99
55;Cadeira Gamer Corsair T3 Rush, Até 120Kg, Apoio de Braços 4D, com Almofadas, Reclinável, Cilindro de Gás Classe 4, Cinza - CF-9010031-WW;R$ 1.799,99
56;Cadeira Gamer Mymax Mx9, Até 150Kg, Giratória, Preto/Azul;R$ 636,65
57;Cadeira Gamer, Prizi, Infinity, Até 150Kg, inclinação multifuncional  - Amarela;R$ 369,90
58;Cadeira Gamer Xt Racer Platinum W Series Cor:preto;R$ 1.407,12
59;Cadeira Gamer Mymax Mx1, Giratória, Preto E Vermelho - mgch-8131/rd;R$ 466,65
60;Cadeira Gamer Mymax MX1, Peso Suportado até 120Kg, Giratória, Preto e Branco;R$ 466,65
61;Cadeira Gamer Husky Gaming Snow, Preto e Azul, Cilindro de Gás Classe 4, Base em Metal, Roda em Nylon - HSN-BB;R$ 549,99
62;Cadeira Gamer Corsair TC200 Fabric, Até 120Kg, Apoio de Braços 4D, Almofadas, Reclinável, Cilindro de Gás Classe 4, Preto - CF-9010049-WW;R$ 2.339,99
63;Cadeira Gamer Husky Gaming Blizzard RGB, Preto, Luz RGB, Com Almofadas, Reclinável - HBL-RGB;R$ 899,99
64;Cadeira Gamer Alpha Gamer Vega, Preto e Azul, Reclinável, com Almofadas, Cilindro de Gás Classe 4;R$ 979,99
65;Cadeira Gamer XT Racer Draco, Até 130 Kg, Reclinável Ergonômica, Tecido Polyester, Preto;R$ 2.299,00
66;Cadeira Gamer Husky Gaming Polar, Preto e Branco, Cilindro de Gás Classe 3, Base em Nylon, Roda em Nylon - HPO-BW;R$ 667,99
67;Cadeira Gamer Alpha Gamer Vega, Preto e Vermelho, Reclinável, com Almofadas, Cilindro de Gás Classe 4;R$ 1.179,99
68;Cadeira Gamer Husky Gaming Avalanche 900, Preto e Azul, Com Almofadas, Reclinável com Sistema Frog, Descanso de Braço 3D - HGMA086;R$ 1.149,99
69;Cadeira Gamer Noblechairs Hero, Black - NBL-HRO-PU-BLA;R$ 3.099,99
70;Cadeira Gamer Alpha Gamer Nimbus,  Até 125 kg, Apoio de Braço 4D, Reclinável, Preto e Cinza- AGNIMBUSBK;R$ 1.299,99
71;Cadeira Gamer Noblechairs EPIC, Black - NBL-PU-BLA-002;R$ 2.549,99
72;Cadeira Gamer ThunderX3 EC3, Até 120kg, com Almofadas, Preto e Vermelho - 67999;R$ 1.049,99
73;Cadeira Gamer Alpha Gamer Vega, Até 150Kg, Cilindro de Gás 4,  Braço Ajustável, Preto e Laranja;R$ 949,99
74;Cadeira Gamer Husky Gaming Hailstorm 900, Preto e Azul, Com Almofadas, Reclinável com Sistema Frog, Descanso de Braço 3D - HGMA088;R$ 1.149,99
75;Cadeira Gamer Mymax MX0, Peso Suportado até 120Kg, Giratória, Preto e Vermelho - Mgch-mx0/rd;R$ 424,15
76;Cadeira Gamer Alpha Gamer Polaris Office Edition, Até 150Kg, Cilindro de Gás 4, Descanso de Braço 4D, Preto - AGPOLARISOE-BK;R$ 1.599,99
77;Cadeira Gamer Alpha Gamer Polaris Racing Edition,  Até 150Kg, Cilindro de Gás 4, Descanso de Braço 4D, Preto e Verde - AGPOLARISRE-BK-GRN;R$ 899,99
78;Cadeira Gamer Husky Gaming Blizzard 900, Preto, Com Almofadas, Reclinável com Sistema Frog, Descanso de Braço 3D - HGMA062;R$ 1.299,99
79;Cadeira Gamer Mymax MX0, Peso Suportado até 120Kg, Giratória, Preto e Rosa - Mgch-mx0/pk;R$ 424,15
80;Cadeira Gamer Mymax Mx1, Peso Suportado até 120Kg, Giratória, Preto E Azul - mgch-8131/bl;R$ 466,65
81;Cadeira Gamer Mymax Mx9, 150kg, Com Almofadas, Braços com Regulagem 2D, Giratória, Cilindro de Gás Classe 2 - 80mm, Preto e Vermelho;R$ 636,65
82;Cadeira Gamer Husky Gaming Snow, Preto e Verde, Cilindro de Gás Classe 4, Base em Metal, Roda em Nylon - HGMA018;R$ 559,99
83;Cadeira Gamer Mymax Mx9, Giratória, Preto/Prata;R$ 636,65
84;Cadeira Gamer Fortrek Cruiser Black - 70514;R$ 979,99
85;Cadeira Gamer Corsair TC200, Até 120Kg, Apoio de Braços 4D, Com Almofadas, Reclinável, Cilindro de Gás Classe 4, Cinza - CF-9010045-WW;R$ 1.949,99
86;Cadeira Gamer Raven X-10, Até 150Kg, Com Almofadas, Descanso de Braço 4D, Encosto Reclinável, Trava de Inclinação, Preto e Azul - CDRVX10PA;R$ 699,99
87;Cadeira Gamer Husky Gaming Polar, Preto, Cilindro de Gás Classe 3, Base em Nylon, Roda em Nylon - HPO-BK;R$ 699,99
88;Cadeira Gamer Corsair TC200, Até 120Kg, Apoio de Braços 4D, Com almofadas, Reclinável, Cilindro de Gás Classe 4, Preto - CF-9010043-WW;R$ 1.949,99
89;Cadeira Gamer Husky Gaming Hailstorm 900, Preto e Vermelho, Com Almofadas, Reclinável com Sistema Frog, Descanso de Braço 3D - HGMA085;R$ 1.149,99
90;Cadeira Gamer XT Racer Draco, Até 130 Kg, Reclinável Ergonômica, Tecido Polyester, Preto e Dourado;R$ 2.299,00
91;Cadeira Noblechairs Hero TX Gaming Chair-anthracite - NBL-HRO-TX-ATC;R$ 2.699,99
92;Cadeira Gamer Noblechairs Hero, Black White - NBL-HRO-PU-BPW;R$ 3.099,99
93;Cadeira Gamer Alpha Gamer Polaris Edition, Até 150Kg, Descanso de Braço 4D,  Preto e Branco - AGPOLARISRE-BK-BL;R$ 1.249,99
94;Cadeira Gamer Mymax Mx9, até 150kg, Giratória, Com Almofadas, Reclinável, Preto/Roxo;R$ 636,65
95;Cadeira Gamer ThunderX3 EC3, Peso Suportado até 150Kg, Ergonômica, Reclinável, Preta - 67998;R$ 1.257,85
96;Cadeira Gamer Husky Gaming Storm, Preto, Vermelho e Branco, Com Almofadas, Reclinável, Descanso de Braço 2D - HST-RBW;R$ 899,99
97;Cadeira Gamer ThunderX3 EC3, Até 120kg, com Almofadas, Preto e Ciano - 68000;R$ 1.024,99
98;Cadeira Gamer Mymax MX12, Até 150 Kg, Giratória, Preto e Azul;R$ 806,65
99;Cadeira Gamer Noblechairs Hero, Black Gold - NBL-HRO-PU-GOL;R$ 3.099,99
100;Cadeira Gamer Corsair TC200 Fabric, Até 120Kg, Apoio de Braços 4D, Almofadas, Reclinável, Cilindro Classe 4, Cinza e Branco - CF-9010048-WW;R$ 2.199,99
101;Cadeira Gamer Draxen DN2, 150 kg, Altura Ajustáveis, Reclinação, com almofadas, Preto;R$ 764,15
102;Cadeira Gamer Raven X-30, Até 200Kg, com Almofadas, Descanso de Braço 4D, Reclinável, Trava de Inclinação, Preto e Amarelo - CDRV30PM;R$ 1.249,99
103;Cadeira Gamer Alpha Gamer Nimbus, Até 125 kg, Apoio de Braço 4D, Reclinável, Branco e Preto - AGNIMBUSBWHT;R$ 989,99
104;Cadeira Gamer Husky Gaming Storm, Preto e Verde, Com Almofadas, Reclinável, Descanso de Braço 2D - HST-BG;R$ 874,99
105;Cadeira Gamer Husky Gaming Blizzard 900, Preto e Azul, Com Almofadas, Reclinável com Sistema Frog, Descanso de Braço 3D - HGMA087;R$ 1.279,99
106;Cadeira Gamer Xt Racer Platinum W Series Cor:marrom;R$ 1.495,12
107;Cadeira Gamer Mymax MX1, Peso Suportado até 120Kg, Giratória, Preto e Verde;R$ 466,65
108;Pistão para Cadeiras Husky Gaming Snow, Polar e Frost - HAC-PSPF;R$ 59,99
109;Cadeira Gamer Fortrek Cruiser Black/Red - 70515;R$ 839,99
110;Cadeira Gamer Husky Gaming Tactical, Digital Marpat, Com Almofadas, Reclinável, Descanso de Braço 2D - HTT-DM;R$ 894,99
111;Cadeira Gamer Alpha Gamer Zeta Black Blue - AGZETA-BK-BL;R$ 854,99
112;Cadeira Gamer Husky Gaming Blizzard 900, Preto e Amarelo, Com Almofadas, Reclinável com Sistema Frog, Descanso de Braço 3D - HGMA090;R$ 1.239,99
113;Cadeira Gamer Alpha Gamer Cygnus RGB - AGCYGNUS;R$ 984,99
114;Cadeira Gamer Elements Gaming Elemental ACQUA, Azul;R$ 930,51
115;Cadeira Gamer Profissional ThunderX3 TGC12, Suporta Até 150Kg, Preto E Verde;R$ 1.045,42
116;Cadeira Gamer Royale MoobX, Até 100Kg, Giratória,  Preto e Cinza;R$ 509,92
117;Cadeira Gamer Mymax MX8, Até 150Kg, Giratória, Preto e Azul;R$ 594,15
118;Cadeira Gamer ThunderX3 BC3, Black e Red- 67992;R$ 1.089,99
119;Cadeira Gamer Mymax MX0, Até 120Kg, Giratória, Preto e Azul;R$ 424,15
120;Cadeira Gamer Husky Gaming Avalanche 900, Preto e Amarelo, Com Almofadas, Reclinável com Sistema Frog, Descanso de Braço 3D - HGMA089;R$ 1.199,99
121;Cadeira Gamer Fortrek Vickers, Black/Red - 70520;R$ 799,99
122;Cadeira Gamer, Prizi, Runner - Amarela;R$ 339,90
123;Cadeira Gamer Prizi Pz1006e, Capacidade de peso: Até 120 Kg, Verde;R$ 459,90
124;Cadeira Gamer Mymax MX5, Até 150kg, Com Almofadas, Reclinável, Descanso de Braço 2D, Preto e Branco - MGCH-MX5/WH;R$ 679,99
125;Cadeira Gamer Noblechairs Hero, Black Red - NBL-HRO-PU-BRD;R$ 3.099,99
126;Cadeira Gamer Mymax Mx0, Suporta Até 120kg, Giratória, Preto E Branco;R$ 424,15
127;Cadeira Gamer Gallant, Altura Regulável, Preta/Vermelha -GCD10GPUA-VM;R$ 729,00
128;Cadeira Gamer Draxen DN1, até 150 kg, RGB, Rodas de Silicone, Encosto Regulável, Almofadas para apoio, Preto;R$ 849,15
129;Cadeira Gamer Husky Gaming Blizzard 970,  com Almofadas, Acabamento Alcantara, Reclinável com Sistema Frog, Preto - HGMA135;R$ 1.599,99
130;Cadeira Gamer Husky Gaming Hailstorm 900, Preto, Com Almofadas, Reclinável com Sistema Frog, Descanso de Braço 3D - HGMA063;R$ 1.299,99
131;Cadeira Gamer, XT Racer Defender,Reclinável Ergonômica, Tecido Polyester, Preto.;R$ 1.231,12
132;Cadeira Gamer Gallant Pro, Até 140 Kg, Giratória, Altura Regulável, Preto e Vermelho;R$ 959,00
133;Cadeira Gamer, Prizi Infinity, Até 150Kg - Vermelha;R$ 369,90
134;Cadeira Gamer Stillus Ergonômica Com Apoio Para Os Pés - Preto;R$ 542,71
135;Cadeira Gamer Noblechairs Epic, Até 120kg, com Almofadas, Branco - NBL-PU-WHT-001;R$ 2.549,99
136;Cadeira Gamer Asus Rog Chariot Core SL300, Preto, Almofada Lombar, Braços 4D, Cilindro de Gás - 90GC00D0-MSG010;R$ 3.649,99
137;Cadeira Gamer Prizi Infinity, até 120KG, Escritório, Azul;R$ 379,90
138;Cadeira Gamer PCTop Racer, Peso Suportado até 120Kg, Reclinável, Descanso de pés, Preta e Vermelha - Se1006;R$ 516,00
139;Cadeira Gamer Husky Gaming Blizzard 900, Preto e Vermelho, Com Almofadas, Reclinável com Sistema Frog, Descanso de Braço 3D - HGMA084;R$ 1.279,99
140;Cadeira Gamer Fox Racer Nordic, 125kg, Courino, Encostos Ajustável, Preto;R$ 529,90
141;Cadeira Gamer Fortrek Black Hawk Black - 70508;R$ 899,99
142;Cadeira Gamer Giratória Com Elevação, Office Black Hawk H01, Preto - Fortrek;R$ 1.259,90
143;Cadeira Gamer Boxbit Palmeiras Invicto Base Rodízio, Peso suportado: 120Kg;R$ 1.071,00
144;Cadeira Gamer Elements Lunari, Até 120kg, Com Almofada, Descanso de Braço 4D, Cilindro de Gás Classe 4, Knit Special, Cinza - 70044;R$ 2.999,99
145;Cadeira Gamer ThunderX3 BC7 Larger, Black/Cyan - 68841;R$ 1.879,99
146;Cadeira Gamer Mymax, Até 150 Kg, Giratória, Preto e Azul - MX13;R$ 806,65
147;Cadeira Gamer Husky Gaming Avalanche 900, Preto, Com Almofadas, Reclinável com Sistema Frog, Descanso de Braço 3D - HGMA061;R$ 1.299,99
148;Cadeira Gamer DT3 Nero Elite Syrah, Até 150 Kg, Com Almofada, Reclinável, Descanso de Braço 4D, Preto e Vinho - 13543-6;R$ 2.499,99
149;Cadeira Gamer PCYes Mad Racer V8 Turbo, Blue - V8TBMADAZ;R$ 1.399,99
150;Cadeira Gamer ThunderX3 TGC12 EVO, Até 125Kg, com Almofadas, Cilindro de Gás, Vermelho - 76419;R$ 1.249,99
151;Cadeira Gamer Husky Gaming Avalanche 900, Preto e Vermelho, Com Almofadas, Reclinável com Sistema Frog, Descanso de Braço 3D - HGMA083;R$ 1.149,99
152;Cadeira Gamer Profissional ThunderX3 TGC12, Peso Suportado até 120Kg, Preta e Azul;R$ 1.214,86
153;Cadeira Gamer Pcyes Mad Racer V8 Turbo, até 180kg, Inclinação 135º, ergonômica, estofado de poliéster  Vermelha - V8tbmadvm;R$ 1.305,27
154;Cadeira Gamer Alpha Gamer Zeta, Até 120 Kg, Preto e Vermelho - AGZETA-BK-R;R$ 884,99
155;Cadeira Gamer DT3 Rhino Artemis, Até 150 Kg, Com Almofadas, Reclinável, Descanso de Braço 4D, Branco e Roxo - 13539-1;R$ 2.399,99
156;Cadeira Gamer Corsair T1 Race, Até 120kg, Apoio de Braços 4D, com Almofadas, Reclinável, Preto e Azul - CF-9010014-WW;R$ 1.399,99
157;Cadeira Gamer Noblechairs Epic Copper Limited Edition, Preta/Cobre - PGW-NB-EGC-016;R$ 2.299,99
158;Cadeira Nex Max, Giratória E Reclinável, Preta E Branca - Dxracer;R$ 1.762,74
159;Cadeira Gamer Mymax Mx12, Peso Máximo Suportado: 150kg, Giratória, Preto/Branco;R$ 806,65
160;Cadeira Gamer Dazz Prime-X, Peso Suportado até 250Kg, Construção Em Aço, Preto e Branco - 62000011;R$ 1.208,03
161;Cadeira Gamer Giratoria MX12 MyMax, Suporta 150Kg, Preto e Vermelho;R$ 806,65
162;Cadeira Gamer PcTop, Azul - Se1022;R$ 666,00
163;Cadeira Gamer PCYes Mad Racer V8 Turbo, Red - V8TBMADVM;R$ 1.399,99
164;Cadeira Gamer Mymax, Mx5, Até 150kg, Giratória Branco E Verde;R$ 679,15
165;Cadeira Gamer Noblechairs Hero, Black Blue - NBL-HRO-PU-BBL;R$ 3.099,99
166;Cadeira Gamer Husky Gaming Blizzard 970, cm Almofadas, Acabamento Alcantara, Reclinável com Sistema Frog, Cinza - HGMA132;R$ 1.599,99
167;Cadeira Gamer Gallant Pro Giratória, Altura Regulável, Preta - GCD10GPUB-AZ;R$ 959,00
168;Cadeira Gamer Corsair T1 Race, Até 120Kg, Apoio de Braços 4D, com Almofadas, Reclinável, Preto e Amarelo - CF-9010015-WW;R$ 1.399,99
169;Cadeira Gamer Fortrek Vickers, Black/Pink - 70523;R$ 829,99
170;Cadeira Gamer Mymax MX5, Até 150kg, Com Almofadas, Reclinável, Descanso de Braço 2D, Preto - MGCH-MX5/BK;R$ 679,99
171;Cadeira Gamer Elements Lunari, Até 120kg, Com Almofada, Descanso de Braço 4D, Cilindro de Gás Classe 4, Knit Special, Creme - 70045;R$ 2.999,99
172;Cadeira Gamer Husky Gaming KaBuM eSport, Preto e Laranja, Com Almofadas, Reclinável, Descanso de Braço 3D - HKE-BO;R$ 824,99
173;Cadeira Gamer Husky Gaming Blizzard 970, com Almofadas, Acabamento Alcantara, Reclinável com Sistema Frog, Creme e Vermelho  - HGMA134;R$ 1.599,99
174;Cadeira Gamer  Fortrek Vickers, Peso Suportado até 135Kg, Mecanismo Butterfly, Preto e vermelho - 70520;R$ 807,07
175;Cadeira Gamer Profissional Marvel Thanos, Reclinável, Suporta Até 150kg, Azul;R$ 851,90
176;Cadeira Gamer X­rocker Dazz;R$ 748,90
177;Cadeira Gamer Noblechairs EPIC, Black Red - NBL-PU-RED-002;R$ 2.549,99
178;Cadeira Gamer Stillus, Ergonômica, Com Apoio Para Os Pés, Dourada;R$ 584,16
179;Cadeira Gamer Infantil Em Couro Pvc Pelegrin Pel-9354, até 60kg - Preto Com Cinza;R$ 385,24
180;Cadeira Gamer Thunderx3 BC3, Peso Suportado até 150Kg, Base resistente de metal, Vermelha;R$ 1.077,90
181;Cadeira Gamer Kids Em Couro Pu, Preta e Verde, Pelegrin - Pel-9353;R$ 520,96
182;Cadeira Gamer Husky Gaming Blizzard 970,  com Almofadas, Acabamento Alcantara, Reclinável com Sistema Frog, Caramelo - HGMA133;R$ 1.599,99
183;Cadeira Gamer Sharkoon Elbrus 2, Black Red;R$ 1.459,99
184;Cadeira Gamer Alpha Gamer Polaris Racing Edition,  Até 150Kg, Cilindro de Gás 4, Descanso de Braço 4D, Preto - 5600413202906;R$ 1.399,99
185;Cadeira Gamer Noblechairs EPIC, Black Gold - NBL-PU-GOL-002;R$ 2.549,99
186;Cadeira Gamer Elite V2 Dazz, Até 100kg, Preta, 62000148;R$ 548,05
187;Cadeira Gamer Sharkoon Skiller SGS40, 150kg, Braço 4D, Preto;R$ 2.149,99
188;Cadeira Gamer Escritório Cougar Fusion Sf,Preta E Laranja;R$ 891,65
189;Cadeira Gamer Reclinável Com Apoio De Pés Alien Healer Tm, Suporta até 120Kg, Preta;R$ 849,90
190;Cadeira Gamer Sharkoon Shark Skiller SGS4 Black;R$ 2.399,99
191;Cadeira Gamer X Fusion, Suporta até 120Kg, Rosa - C.123;R$ 1.057,16
192;Cadeira Gamer ThunderX3 BC3 CAMO Military Green - 68835;R$ 1.099,99
193;Cadeira Gamer Racer X Comfort, 100Kg, Preta;R$ 803,65
194;Cadeira gamer dt3sports royce tecido graphite 13337-7;R$ 3.297,87
195;Cadeira Gamer Asus ROG Chariot, Aura RGB, Braço 4D, Preto - SL300C;R$ 6.999,99
196;Cadeira Gamer Gc100 - Oex Game - Preta E Laranja;R$ 899,90
197;Cadeira Gamer, MX11, Giratória, Preto E Roxo, Mymax;R$ 509,15
198;Cadeira Gamer DT3 Gamma, Até 120 Kg, Com Almofadas, Reclinável, Descanso de Braço 3D, Preto - 13516-6;R$ 1.499,99
199;Cadeira Gamer Prizi Jx-1001b, Kombat, Capacidade de peso: 130 kg, Azul;R$ 1.102,50
200;Cadeira Gamer Husky Gaming Hailstorm 900, Preto e Amarelo, Com Almofadas, Reclinável com Sistema Frog, Descanso de Braço 3D - HGMA091;R$ 1.269,99
201;Cadeira Gamer OexGame Gc200, Até 100Kg, Altura Ajustável, Couro Sinético, Rosa E Preto;R$ 899,90
202;Cadeira Gamer Force One Essential 115, Até 90 kg, Preta;R$ 1.763,56
203;Cadeira Gamer Dazz Marvel Homem De Ferro, Encosto, Reclinável 180°, Construção Em Aço - 62000051;R$ 3.799,49
204;Cadeira Gamer Prizi PZ1006E, Até 120 Kg, Couro sintético de PU, Ângulo ajustável, Descanso de pé, Amarela;R$ 459,90
205;Cadeira Gamer Gallant Racer, Até 140 Kg, Giratória, Altura Regulável, Preta E Vermelha - GCD100RPUA-PT;R$ 1.199,00
206;Cadeira Gamer MoobX Nitro Com Regulagem de Altura e Reclinação 180°;R$ 799,90
207;Cadeira Gamer Gallant, Altura Regulável, Preta/Azul - GCD10GPUA-AZ;R$ 699,00
208;Cadeira Gamer Noblechairs EPIC Leather, Black White Red - NBL-RL-EPC-001;R$ 3.839,99
209;Cadeira Gamer Mymax , Com Almofadas, Braço 2D, Cilindro de Gás Classe 3, Giratória , Preto e Amarelo - MX13;R$ 764,15
210;Cadeira Gamer PCYes Mad Racer V8 Turbo, White - V8TBMADBC;R$ 1.249,99
211;Cadeira Gamer Pelegrin Em Couro Pu, Reclinável, Suporta Até 150Kg, Preto E Azul - Pel-3019;R$ 886,36
212;Mesa Gamer Escrivaninha, Tecno, Nicho - Preto e Verde;R$ 299,90
213;Cadeira Gamer Mx5, 150kg, Giratória, Com almofadas, Reclinável, Preto/Vermelho;R$ 759,05
214;Cadeira Gamer Infantil Em Couro Pvc Pelegrin Pel-9354, até 60kg - Preto Com Amarelo;R$ 385,24
215;Cadeira Gamer Escritório Cougar Fusion S, Preta E Laranja;R$ 908,87
216;Cadeira Gamer Boxbit Atlético Mineiro Fanático, até 120Kg, Base Rodízio;R$ 669,38
217;Cadeira Gamer Reclinável Sparta Com 2 Almofadas Zidi;R$ 1.629,90
218;Cadeira Gamer Pcyes Mad Racer V8 Turbo, Peso Suportado até 180Kg, Função Relax, Preta - V8tbmadpt;R$ 2.105,90
219;Cadeira Gamer OEX Game Gc300, Peso Suportado até 180Kg, Mecanismo padrão Borboleta, Preto e Cinza;R$ 1.484,91
220;Cadeira Gamer Show De Cadeiras X Fusion C.123 rosa Escuro/preto;R$ 845,51
221;kit 2 Cadeiras Gamer PlayerXTreme Executiva Escritório, PU, Vermelho;R$ 1.579,90
222;Cadeira Gamer X Fusion, Suporta até 120kg, Branca - C.123;R$ 951,33
223;Cadeira Gamer Sharkoon Skiller SGS2 Black Blue;R$ 1.349,99
224;Cadeira Gamer Vinik Rocket, Peso Suportado até 150Kg, Ajuste de Altura e Inclinação, Preta - Cgr10pt;R$ 754,65
225;Cadeira Gamer Alpha Gamer Nimbus, Até 125 kg, Apoio de Braço 4D, Reclinável, Preto e Vermelho - AGNIMBUSBKRED;R$ 849,99
226;Cadeira Gamer Holt Fortrek, Suporta até 120Kg, Preta;R$ 699,91
227;Cadeira Gamer Hoopson, Preta E Branca - CG-506;R$ 1.499,87
228;Cadeira Gamer XT Racer Defender, Até 120kg, Com Almofadas, Reclinável, Descanso de Braço 3D, Preto - XTR-034;R$ 1.299,99
229;Cadeira Gamer Mymax Mx18, Até 150Kg, Giratória, Preta;R$ 849,15
230;Kit Gamer Pelegrin Pel-008p Rosa E Cadeira Gamer Pelegrin Pel-3020 Rosa;R$ 2.191,36
231;Cadeira Gamer Cruiser Fortrek, Suporta até 135Kg, Preta/Azul;R$ 1.036,15
232;Cadeira Game XT Racer Extreme, Reclinável Ergonômica, Couro Sintético, Preto;R$ 1.495,12
233;Cadeira Gamer X Fusion, Azul - C.123;R$ 845,51
234;Cadeira Gamer Mymax, Com Almofadas, Braço 2D,  Cilindro de Gás Classe 3, Giratória, Preto e Vermelho - MX13;R$ 854,05
235;Cadeira Gamer Stars, Com Encosto Reclinável, Capacidade Até 120Kg, Mecanismo Backsystem, Preta;R$ 862,97
236;Cadeira Gamer Racer X Comfort, Verde;R$ 803,65
237;Cadeira Gamer ThunderX3 TGC12, Até 150Kg, Reclinável, Com Almofadas, Gás Classe 4, Preto E Vermelho;R$ 1.214,10
238;Cadeira Gamer Pcyes Racer Sti Master, com Inclinação, Preta/Vermelha - MADSTIMSVM;R$ 1.079,88
239;Cadeira Gamer Vinik Comet Cgc10p, Até 120kg, Reclinável, Giratória Com Apoio De Braço 2D E Ajuste De Altura, Preta;R$ 747,15
240;Cadeira Gamer Pelegrin, Couro Pu, Preto E Azul - PEL-3006;R$ 698,44
241;Cadeira Gamer, MX11, Giratória, Preto, Mymax;R$ 509,15
242;Cadeira Gamer Racer X Comfort, Peso máximo suportado: 100 Kg, Azul Claro;R$ 803,00
243;Cadeira Gamer Fortrek Black Hawk, Peso Suportado até 140Kg, Altura Ajustável, Preto e Vermelho;R$ 923,29
244;Pistão A Gás 120Mm, Reforçado, Preto;R$ 115,00
245;Cadeira Gamer XT Racer Platinum W Com Apoio De Pés Reclinável Ergonômica - Rosa;R$ 1.407,12
246;Cadeira Gamer Profissional Marvel, Reclinável, Suporta 150kg, Azul - Wolverine;R$ 851,90
247;Cadeira Gamer Racer X, Reclinável, Cinza;R$ 793,00
248;Cadeira Gamer Healer Strike Reclinável Giratória, suporta até 120 kg, Rosa E Branco;R$ 1.222,92
249;Cadeira Gamer Hoopson, Reclinável E Giratória - Hp-cg505;R$ 1.499,87
250;Cadeira Gamer PCTOP Racer, Preta e Amarela, Reclinável, Descanso de pés - 1006;R$ 540,86
251;Cadeira Gamer Design Office, Linha Gamer Racing, Com Almofada, Regulavel, Verde Limão com Preto;R$ 4.299,00
252;Cadeira Gamer Eg-901 Preto - Evolut;R$ 845,50
253;Cadeira Gamer, Bw Racer Pro 10pr - Preta E Azul;R$ 950,00
254;Cadeira Gamer Rgb Com Led E Controle Remoto Healer, Suporta até 150Kg, Preta;R$ 1.323,68
255;Cadeira Gamer Preta Healer Wells, Reclinável Giratória;R$ 907,30
256;Cadeira Gamer, Racer X Comfort - Rosa;R$ 803,00
257;Cadeira Boxbit Falcon, Em Tela Preta, Base Cromada Rodízio, Peso suportado: 120Kg;R$ 781,83
258;Cadeira Gamer, Mad Racer V16 - Preta Em Couro Legítimo;R$ 3.431,88
259;Cadeira Gamer XT Racer Platinum W Series, Até 120kg, Com Almofadas, Reclinável, Descanso de Braço 3D, Preto - XTR-010;R$ 1.499,99
260;Cadeira Gamer Racer X, Reclinável - Branca;R$ 793,00
261;Cadeira Gamer Noblechairs Epic, Black Pink - NBL-PU-PNK-001;R$ 2.549,99
262;Cadeira Gamer TC3 ThunderX3, Suporta até 150Kg, Bumblebee Yellow;R$ 1.405,85
263;Cadeira Gamer Em Couro PU, Reclinável - PEL-C215;R$ 834,16
264;Cadeira Gamer PlayerXTreme Executiva Escritório, PU, Vermelho;R$ 789,90
265;Cadeira Gamer Goldentec, GT Blue;R$ 474,05
266;Cadeira Gamer Pelegrin Kids, Em Couro Pu, Preta e Cinza, - PEL-9353;R$ 520,96
267;Cadeira Gamer Pcyes Mad Racer V8 Turbo, Peso Suportado até 180Kg, Função Relax, Branca - V8tbmadpt;R$ 1.305,27
268;Cadeira Gamer Premium X-zone, Peso Suportado até 135Kg, Reclinável, Preta E Verde - Cgr 01;R$ 1.078,11
269;Cadeira Gamer TC3 ThunderX3, Suporta até 125Kg, All White;R$ 1.389,15
270;Cadeira Gamer Pctop Strike Preta - 1005;R$ 791,87
271;Cadeira Gamer Racer X Reclinável Verde;R$ 793,00
272;Kit - 02 Cadeiras Gamer Office, Giratória Com Elevação A Gás, BC3, Camuflado Verde Military - ThunderX3;R$ 3.594,90
273;Cadeira Gamer, XT Racer Ergo Air, Reclinável Ergonômica,Mesh Respirável, Preto e Dourado.;R$ 1.799,00
274;Cadeira Gamer Prizi Lord - Vermelha;R$ 572,15
275;Cadeira Gamer Mymax MX11, Até 150 Kg, Giratória, Preto E Vermelho;R$ 509,15
276;Cadeira Gamer Mymax Mx12, Giratória, Preto/Verde;R$ 806,65
277;Cadeira Gamer Cougar Gaming Argo One 3margos.0001;R$ 2.999,00
278;Cadeira Gamer Racer X Reclinável Preta;R$ 793,25
279;Cadeira Gamer, MoobX, Royale Confort, All Black Com Regulagem De Altura;R$ 679,92
280;Cadeira Gamer Sakes, Peso Máximo Suportado (Kg): 100kg, Azul - INP21003;R$ 759,60
281;Cadeira Gamer Pelegrin Pel-3009, Couro Pu - Preta E Vermelha;R$ 781,96
282;Cadeira Gamer Mymax MX5, Até 150kg, Com Almofadas, Reclinável, Descanso de Braço 2D, Branco e Azul Marinho - MGCH-MX5/BLMR;R$ 679,99
283;Cadeira Gamer Stillus Ergonômica Com Apoio Para Os Pés - Vermelho;R$ 584,16
284;Cadeira Gamer PcTop Power, Peso Suportado até 120Kg, Mecanismo Borboleta, Preta e Verde - X-2555;R$ 750,00
285;Cadeira Gamer Giratória, Com Elevação A Gás, Office Blackfire H01, Preto E Vermelho - Fortrek;R$ 1.204,90
286;Cadeira Gamer Pcyes Mad Racer STI Master, Peso Suportado até 120Kg, Pistão a Gás, Azul - Madstimsaz;R$ 752,55
287;Cadeira Gamer Infantil Em Couro Pvc Pelegrin Pel-9354, até 60kg - Preto Com Azul;R$ 385,24
288;Cadeira Gamer XT Racer Taycan Com Apoio De Pés Reclinável Ergonômica Couro Sintético - Preto e Vermelho;R$ 1.499,00
289;Cadeira Dt3office Diana Black  peso máximo recomendado: 130kg;R$ 1.468,95
290;Cadeira Gamer Dazz Legacy Series, Preta E Azul - 62000144;R$ 848,30
291;Cadeira Gamer Profissional ThunderX3 TGC12, Peso Suportado até 120Kg, Preto;R$ 1.249,90
292;Cadeira Gamer Racer X Reclinável Rosa;R$ 793,10
293;Cadeira Gamer Mymax MX15, Até 150 Kg, Giratória, Preto e Azul;R$ 1.299,00
294;Cadeira Gamer Warrior Karna, Peso Suportado até 120Kg, Basculante, Giratória, Preta - Ga201;R$ 631,59
295;Cadeira Gamer Pelegrin, Até 150 Kg, Em Couro PU, Reclinável - PEL-3010;R$ 823,72
296;Cadeira Gamer XT Racer Platinum, Reclinável, Ergonômica, Tecido Mesh Respirável, Preto e Vermelho;R$ 1.499,00
297;Cadeira Dxracer Master V2 (i238s-w-a3) Peso suportado: até 130kgs;R$ 3.545,59
298;Cadeira Gamer Pelegrin em Couro Pu, Reclinável, Suporta até 150Kg, Preta e Verde - Pel-3018;R$ 990,76
299;Cadeira Gamer Conthey Cinesis Xtreme, Até 150 Kg - N2159702;R$ 1.501,00
300;Cadeira Gamer Copa Do Mundo Qatar 2022 Edição Especial Preto Com Vermelho - Mt-2000 Bb1;R$ 990,00
301;Cadeira Gamer Sharkoon Skiller SGS2 Black Red;R$ 1.349,99
302;Cadeira Gamer Mymax MX0, Peso Suportado até 120Kg, Giratória, Preto - mgch-mx0/bk;R$ 700,92
303;Cadeira Gamer Greatek Giratória, Até 150Kg, Estofada, Preta;R$ 669,00
304;Cadeira Gamer Fortrek Black Hawk, Suporta Até 140Kg, Apoio Ajustável Bi-Direcional, Preto - 70508;R$ 958,91
305;Cadeira Gamer Racer X Comfort, Vermelha, Peso máximo suportado: 100 Kg;R$ 803,65
306;Cadeira Gamer Maxoffice DN2, Até 150 Kg, Preto e Vermelho, Draxen;R$ 764,15
307;Cadeira Office Elements Lunari, Espuma D50, Mecanismo Frog, Cream;R$ 2.999,00
308;Cadeira Gamer Preta Healer Warlock, Reclinável, Giratória;R$ 863,01
309;Cadeira Gamer Pelegrin Pel-3009, Couro PU - Preta, Vermelha E Azul;R$ 781,96
310;Cadeira Gamer, Goldentec, GT Black, Até 120 Kg, Com Almofadas;R$ 1.234,91
311;Cadeira Gamer Prizi, Peso Suportado até  120Kg, Almofadas de Pescoço e Lombar, Azul - Pz1005;R$ 459,90
312;Cadeira Gamer Escritório Cougar Fusion S,Preta;R$ 891,65
313;Cadeira Gamer Pelegrin, Até 150 Kg, Em Couro Pu, Reclinável, Preta e Vermelha - PEL-3019;R$ 886,36
314;Cadeira Gamer Brazil PC Júpiter, Em Couro, Reclinável E Giratória, Castanho E Caramelo;R$ 1.072,85
315;Cadeira Gamer Pelegrin Pel-3015, Em Couro PU, Reclinável - Preta E Vermelha;R$ 729,76
316;Cadeira Gamer PCTop Racer, Peso Suportado até 120Kg, Reclinável, Descanso de pés, Preta e Azul - Se1006;R$ 652,50
317;Cadeira Gamer Boxbit  Atlético Mineiro Invicto, Até 120 Kg, Base Rodízio;R$ 1.071,00
318;Cadeira Gamer PCTop Spider, Peso Suportado até 150Kg, Reclinável, Tricolor - X-2577;R$ 725,00
319;Cadeira Gamer Alpha Gamer Alegra Fabric, Até 150 kg, Apoio de Braço 4D, Mecanismo Frog, Apoio Lombar Ajustável, Azul - AGALEGRA-F-BL;R$ 1.899,99
320;Cadeira Gamer Boxbit São Paulo SPFC Invicto, até 120Kg, Base Rodízio, reclina até 170 graus, com almofadas;R$ 1.071,00
321;Cadeira Gamer Alien Healer, Suporta até 120Kg, Reclinável, Com Apoio de Pés, Preto/Verde;R$ 779,90
322;Cadeira Gamer ThunderX3 EC3, Peso Suportado até 150Kg, Ajustável, Ciano E Preto - 68000;R$ 1.099,90
323;Cadeira Gamer Office Giratória, Com Elevação A Gás, BC3, H01 Camuflado - Thunderx3;R$ 1.889,90
324;Cadeira Gamer Mymax Mx16, Giratória, Preto/Prata;R$ 849,15
325;Cadeira Gamer New WG-02, Branco;R$ 614,88
326;Cadeira Gamer Profissional, Marvel, Hulk, Suporta até 150kg, Reclinável, Verde;R$ 715,90
327;Cadeira Gamer XT Racer Taycan Com Apoio De Pés Reclinável Ergonômica Couro Sintético - Preto e Cinza;R$ 1.499,00
328;Cadeira Gamer Bright - 601;R$ 559,90
329;Cadeira Gamer, Vênus, Em Couro, Reclinável E Giratória - Vermelho;R$ 966,42
330;Cadeira Gamer XT Racer Taycan, Peso Suportado até 130Kg, Com Apoio De Pés, Reclinável, Ergonômica, Couro Sintético - Preto;R$ 1.499,00
331;Cadeira Gamer Infantil Em Couro Pvc Pelegrin Pel-9354, até 60kg - Preto Com Rosa;R$ 385,24
332;Cadeira Gamer Infantil Em Couro Pvc Pelegrin Pel-9354, até 60kg - Preto Com Vermelho;R$ 385,24
333;Cadeira Gamer Husky Gaming Blizzard 970,  com Almofadas, Acabamento Alcantara, Reclinável com Sistema Frog, Preto e Branco - HGMA136;R$ 1.599,99
334;Cadeira, Dt3sports, Elise, Pink;R$ 1.287,30
335;Cadeira Gamer X Fusion, Verde Musgo, Reclinável, Suporta até 120Kg - C.123;R$ 1.057,16
336;Cadeira Gamer Stillus, Ergonômica, Com Apoio Para Os Pés, Preta e Branca;R$ 560,41
337;Cadeira Gamer XT Racer Armor X1 Series Reclinável Ergonômica Couro Sintético Preto;R$ 1.399,00
338;Cadeira Gamer Racer X Comfort, Branca, Peso máximo suportado: 100 Kg;R$ 803,65
339;Cadeira Office Elements Lunari, Espuma D50, Mecanismo Frog, Grey;R$ 2.999,00
340;Cadeira Gamer Fortrek Black Hawk, Black/Blue - 70512;R$ 849,99
341;Cadeira Gamer Acer Predator Rift Lite 2ª Gen, Até 110 kg, Reclinável, Preto e Azul - gp.gcr11.00n;R$ 1.299,00
342;Cadeira Gamer Warrior Tongea, Até 120 Kg, Verde - GA160;R$ 745,56
343;Cadeira Gamer Racer X, Reclinável, Peso máximo suportado: 130 Kg, Azul;R$ 793,00
344;Cadeira Gamer Dazz Legacy Series, Preta E Salmao - 62000145;R$ 685,71
345;Cadeira Presidente Gamer, em Couro Pu, Preta e Azul, Pelegrin - Pel-3002;R$ 886,36
346;Cadeira Gamer Profissional Reclinavel Dragon War Ergonomica - Gc015 Preto Led;R$ 669,90
347;Cadeira Gamer Husky Gaming Snow, Preto e Branco, Cilindro de Gás Classe 4, Base em Metal, Roda em Nylon - HSN-BW;R$ 499,99
348;Cadeira Gamer Thunderx3 BC3 CAMO/AZ Admiral, Peso Suportado até 120Kg, Ergonômica, Reclinável, Camuflada;R$ 1.331,86
349;Cadeira Gamer Fortrek Black Hawk Black/Red - 70510;R$ 899,99
350;Cadeira Gamer, XT Racer Taycan, Escritório, Ergonômica, Reclinável, Couro Sintético, Preto;R$ 1.399,00
351;Cadeira Gamer Hibrida -gchyb1-bk30th Cooler Master1 Ergo 30th Anniversary Edition Cmi;R$ 2.827,51
352;Cadeira Gamer Thunderx3 Tgc12, Evo Edição Limitada, até 125 kg, Ergonômica, Braço Bidirecional, Azul;R$ 1.214,86
353;Cadeira Gamer XT Racer Vulcan Reclinável Ergonômica Couro Sintético Branco e Rosa;R$ 1.299,00
354;Cadeira Gamer, Galax, GC-01 RGB - Preto;R$ 2.712,51
355;Cadeira Gamer, Vinik Rocket, Branca Com Rosa - CGR10BRS;R$ 679,19
356;Cadeira Gamer, XT Racer Draco, Reclinável Ergonômica, Tecido Polyester, Preto e Cinza.;R$ 2.299,00
357;Cadeira Gamer Cruiser Fortrek, Suporta até 135Kg, Ajustável, Butterfly, Preta;R$ 998,86
358;Cadeira Gamer Mymax Mx17, 150kg, Giratória, Preto;R$ 849,15
359;Cadeira Gamer Pelegrin Pel-3006, Suporta Até 150Kg, Em Couro Pu, Preto e Verde;R$ 698,44
360;Cadeira Gamer Fox Racer, Até 130kgs, RGB, Com Iluminação LED, Ângulo de 180 Graus, Rosa;R$ 1.549,90
361;Cadeira Gamer, Redragon Coeus, Preta/vermelha - C201-br;R$ 1.531,05
362;Cadeira Gamer Eaglex Pro Reclinável, Até 150 Kg, Vermelho;R$ 799,90
363;Cadeira Gamer Thunderx3 BC7 Larger, Peso Suportado até 150Kg, Almofadas de pescoço e lombar, Preto E Ciano;R$ 2.024,86
364;Cadeira Gamer Raven X-20 Estrutura De Metal, Braço 2d Encosto Reclinável Até 180 Graus Preta / Azul - Flexinter;R$ 1.599,00
365;Cadeira Gamer Pelegrin, Em Couro PU, Reclinável, Preta E Vermelha - PEL-3003;R$ 1.230,88
366;Cadeira Gamer ThunderX3 Black Hawk, Peso Suportado até 150Kg, Tecnologia Air Tech, Cinza - BC3 CAMOe CZ;R$ 1.213,63
367;Cadeira Gamer Pelegrin Pel-3023 Reclinável Com Led Preta;R$ 1.042,96
368;Cadeira Gamer New, Até 120 Kg, Verde - WG-02;R$ 614,88
369;Cadeira Gamer, Modelo Outrider S Royal - Ref.3mournxb.0001;R$ 1.375,88
370;Cadeira Gamer Fortrek Blackfire, Suporta até 120Kg, Preta/Vermelha;R$ 661,35
371;Cadeira Gamer ThanderX3 DC3, Suporta até 150Kg, Preta/Vermelha;R$ 1.479,85
372;Cadeira Gamer Boxbit Palmeiras Fanático Peso suportado: 120Kg, Base Rodízio;R$ 669,38
373;Cadeira Gamer Sharkoon Elbrus 2, Black Blue;R$ 1.459,99
374;Cadeira Gamer Racer X Comfort, Peso máximo suportado: 100 Kg, Cinza;R$ 803,65
375;Cadeira Gamer Pelegrin, Preta E Cinza - PEL-3011;R$ 823,72
376;Cadeira Gamer Motospeed G1, Peso suportado: 180 Kg, Rosa e Branca - FMSCA0088RSA;R$ 2.158,80
377;Cadeira Gamer Husky Gaming Blizzard, Preto e Verde, Com Almofadas, Reclinável, Descanso de Braço 2D - HBL-BG;R$ 834,99
378;Cadeira Gamer Racer X, Reclinável, Vermelha, Peso máximo suportado: 130 Kg;R$ 793,00
379;Cadeira Gamer Dazz Prime-X, Peso Suportado até 250Kg, Apoio Para Braço, Pescoço E Lombar, Preto E Verde - 62000009;R$ 1.208,03
380;Cadeira Gamer Mymax MX7, Suportado até 150Kg, Giratória, Preto e Rosa;R$ 679,15
381;Cadeira Gamer Profissional Marvel, Homem De Ferro, Reclinável, Suporta 150kg, Vinho - Homem De Ferro;R$ 851,90
382;Cadeira Gamer Pcyes Mad Racer V8 Turbo Azul - V8tbmadaz;R$ 1.291,16
383;Cadeira Gamer Xt Racer Platinum W Series Cor:vinho;R$ 1.407,12
384;Cadeira Gamer PCTop Deluxe, Peso Suportado até 150Kg, Preta e Vermelha - X-2521;R$ 750,00
385;Cadeira Gamer Show de Cadeiras X Fusion, Suporta até 120kg, Giratória, inclinação em estágios e rodízio anti-risco, Preto - C.123;R$ 845,51
386;Cadeira Gamer Racer X, Reclinável Hype, Com LED RGB, Peso máximo suportado: 145 Kg;R$ 1.178,00
387;Cadeira Gamer Sakes, Vermelha - INP21001;R$ 699,90
388;Cadeira Gamer Mymax MX1, Peso Suportado até 120Kg, Giratória, Preto - mgch-8131/bk;R$ 560,15
389;Cadeira Gamer Thunderx3 Tgc12, Evo Edição Limitada, até 125 kg, Ergonômica, Braço Bidirecional, Vermelha;R$ 1.276,62
390;Cadeira Gamer Motospeed Hyrax Rosa - Hcd300p;R$ 699,00
391;Cadeira Gamer PCTop Power, Peso Suportado até 150Kg, Preta e Vermelha - X-2555;R$ 750,00
392;Cadeira Gamer XT Racer Draco, Dolce Gusto, Preto + Cafeteira Genio S Plus - Grátis;R$ 2.069,10
393;Cadeira Gamer XT Racer Platinum W, Com Apoio De Pés, Reclinável, Ergonômica, Azul;R$ 1.799,00
394;Cadeira Gamer Dazz Série M, Rosa - 625170;R$ 1.852,99
395;Cadeira Gamer Motospeed G2, Até 180 Kg, Preta E Vermelha - FMSCA0089VEM;R$ 1.413,99
396;Cadeira Gamer Pelegrin, Couro Pu, Preto E Vermelha - PEL-3006;R$ 698,44
397;Cadeira Gamer Profissional Dc Superman Reclinável Suporta Até 150kg Azul;R$ 851,90
398;Cadeira, Dt3sports, Elise, Blue;R$ 1.565,71
399;Cadeira Gamer X Fusion, Até 120 Kg, Verde - C.123;R$ 845,51
400;Cadeira Gamer, XT Racer Defender, Reclinável Ergonômica, Tecido Polyester, Preto e Vermelho.;R$ 1.231,12
401;Cadeira Gamer Greatek Reclinável, Até 150Kg, Estofada, Roxa e Preta;R$ 899,00
402;Cadeira Gamer Alpha Gamer Alegra Fabric, Até 150 kg, Apoio de Braço 4D, Mecanismo Frog, Apoio Lombar Ajustável, Rosa - AGALEGRA-F-PK;R$ 1.599,99
403;Cadeira Gamer Fortrek Black Hawk, Peso Suportado até 140Kg, Espuma moldada por injeção, Preta e Rosa - Fkcrpp;R$ 1.253,49
404;Cadeira Gamer, Jupiter, Black E Black;R$ 1.072,85
405;Cadeira Gamer DT3Sports Elise Fabric, Suporta até 130Kg, Azul;R$ 1.492,91
406;Cadeira Gamer Dazz Special Forces Selva, Até 120Kg, Com Almofadas De Apoio, Camuflada - 62000071;R$ 923,31
407;Cadeira Gamer, XT Racer Defender, Reclinável Ergonômica, Tecido Polyester, Preto e Rosa.;R$ 1.399,00
408;Cadeira Office Pro Gamer X D'rossi;R$ 2.059,90
409;Cadeira Gamer Xt Racer Platinum W Series Cor:branco;R$ 1.799,00
410;Cadeira Gamer ThunderX3 TC3, Suporta Até 150Kg, All Black;R$ 1.405,85
411;Cadeira Gamer São Paulo SPFC Fanático Boxbit Base Rodízio;R$ 669,38
412;Cadeira Gamer Pelegrin, Até 150 Kg, Em Couro PU, Reclinável, Preta E Azul - PEL-3015;R$ 729,76
413;Cadeira Gamer Sharkoon Elbrus 2, Black Green;R$ 1.899,99
414;Cadeira Gamer Giratória Com Elevação A Gás 02 Almofadas De Apoio Cruiser H01 Preto - Fortrek;R$ 1.454,90
415;Cadeira Gamer Alpha Gamer Vega, Até 130Kg, Cilindro de Gás 4, Braço Ajustável, Preto e Verde;R$ 839,99
416;Cadeira Gamer ThunderX3 DC3, Suporta Até 150Kg, Mecanismo de Borboleta, Preto E Ciano - 70624;R$ 1.319,62
417;Cadeira Gamer, XT Racer Defender, Reclinável Ergonômica, Tecido Polyester Preto e Cinza.;R$ 1.399,00
418;Cadeira Gamer Pelegrin, Reclinável, Preta E Cinza - PEL-3018;R$ 990,76
419;Cadeira Gamer ThunderX3 DC3, Suporta até 150Kg, Preta;R$ 1.319,62
420;Cadeira Gamer Mymax Mx15 Giratoria Peso Máximo Suportado: 150 Kg, Preto;R$ 1.299,00
421;Cadeira Gamer Pelegrin Pel-3019, Suporta até 150Kg, em Couro Pu, Encosto reclinável com trava, com almofadas, Preta;R$ 886,36
422;Cadeira Gamer Fortrek Vickers, Preta;R$ 987,09
423;Cadeira Gamer, Fifa Qatar 2022, Checkpoint, Vermelho Com Branco - MT-2000 BW1;R$ 990,00
424;Cadeira Gamer Racer X Comfort, Azul.;R$ 803,65
425;Cadeira Gamer Cruiser Fortrek, Suporta até 135Kg, Preto/Rosa;R$ 1.079,87
426;Cadeira Gamer Vênus Em Couro Reclinável E Giratória Preto;R$ 966,42
427;Cadeira Gamer Racer X Comfort, Laranja.;R$ 803,65
428;Cadeira Gamer ThunderX3 EC3, Suporta até 150Kg, Preta/Vermelha;R$ 1.129,50
429;Cadeira Gamer Comet Vinik, Branca, Ergonômica, Reclinável Com Apoio De Braço 2d E Ajuste De Altura;R$ 904,99
430;Cadeira Gamer Evolut Eg-904 Lite - Verde;R$ 1.499,99
431;Cadeira Gamer, Interlocutor, Linha Gamer Racing - Amarelo;R$ 3.593,36
432;Cadeira Gamer Para Escritório, Linha Gamer Racing, Vermelho;R$ 4.125,71
433;Cadeira Gamer Para Escritório, Linha Gamer Racing, Rosa;R$ 4.125,71
434;Cadeira Gamer Para Escritório, Linha Gamer Racing, Amarelo;R$ 4.125,71
435;Cadeira Gamer Para Escritório, Linha Gamer Racing, Verde;R$ 4.125,71
436;Cadeira Gamer Design Office Móveis Interlocutor Linha Gamer Racing, Peso recomendado: até 120 kg, Rosa;R$ 3.593,36
437;Cadeira Gamer Design Office Móveis Para Escritório Linha Gamer Cagliari Rosa;R$ 2.750,00
438;Cadeira Gamer Design Office, Linha Gamer Racing, Com Almofada, Regulavel, Laranja com Preto;R$ 4.299,00
439;Cadeira Gamer Design Office, Linha Gamer Racing, Com Almofada, Regulavel, Bege com Preto;R$ 4.299,00
440;Cadeira Gamer, Bw Diamond 10di - Preta;R$ 1.260,00
441;Cadeira Gamer Design Office Diretor, Linha Gamer Racing, ate 110 Kg, Sem Almofada, Rosa Claro com Preto;R$ 3.593,36
442;Cadeira Gamer Bw Racer Pro 10pr Modelo Bw Pro:preta E Vermelha;R$ 950,00
443;Cadeira Gamer Design Office, Linha Gamer Racing, Com Almofada, Regulavel, Rosa Claro com Preto;R$ 4.299,00
444;Cadeira Gamer Para Escritório, Linha Gamer Racing, Cinza;R$ 4.125,71
445;Cadeira Gamer Para Escritório, Linha Gamer Racing, Bege;R$ 4.125,71
446;Cadeira Gamer Para Escritório, Linha Gamer Racing, Marrom;R$ 4.125,71
447;Cadeira Gamer Para Escritório, Linha Gamer Racing, Branco;R$ 4.125,71
448;Cadeira Gamer Design Office, Linha Gamer Racing, Com Almofada, Regulável, Vermelho com Preto;R$ 4.299,00
449;Cadeira Gamer Design Office, Linha Gamer Racing, Com Almofada, Regulavel, Telha com Preto;R$ 4.299,00
450;Cadeira Presidente Gamer, Em Couro Pu, Preta e Vermelho, Pelegrin - Pel-3002;R$ 886,36
451;Cadeira Gamer Pelegrin Pel-3015, Em Couro PU, Reclinável - Preta E Verde;R$ 729,76
452;Cadeira Gamer Pelegrin, Em Couro PU, Reclinável, Preta E Azul - PEL-3003;R$ 1.230,88
453;Cadeira Gamer Pelegrin Em Couro Pu, Reclinável, Preta E Vermelha - PEL-3013;R$ 938,56
454;Cadeira Gamer Eg904 Lite Vermelha Evolut;R$ 1.499,99
455;Cadeira Gamer, Pro Facthus - Preta/vermelha;R$ 1.399,90
456;Cadeira Gamer Akracing K7 Wide, Red, Reclinável 12º, Com Almofadas, Cilindro De Gás Classe 4;R$ 2.296,73
457;Cadeira Dt3office Celeste Black Peso máximo recomendado  120kg cilindro classe 3.85mm;R$ 1.099,42
458;Cadeira Gamer Maxracer Aggressive Azul, Suporta até 150 Kg.;R$ 1.300,00
459;Cadeira Gamer Aerocool Air All Black, Preto - Ac40c;R$ 934,15
460;Cadeira Gamer, Bw Racer Pro 10pr - Preta E Cinza;R$ 950,00
461;Cadeira Gamer Dazz Marvel Homem Aranha, Encosto Reclinável 180 graus - Construção Em Aço - 62000052;R$ 3.799,49
462;Cadeira Gamer Flexinter Raven First, Classe 4, Braço Nylon, Capacidade até 150 kg, Couro Sintético;R$ 699,00
463;Cadeira Gamer Raven Fxsports, Classe 4, Braço 2d, Couro Sintetico - Flexinter;R$ 899,00
464;Cadeira Gamer Raven X-20  Estrutura De Metal, Braço 2d Encosto Reclinável Até 180 Graus Preta - Flexinter;R$ 1.599,00
465;Cadeira Gamer Thunderx3 Tgc12, Evo Edição Limitada, até 125 kg, Ergonômica, Braço Bidirecional, Rosa;R$ 1.555,48
466;Cadeira Gamer Mymax Mx15, Giratória, Preto/Vermelho;R$ 1.299,00
467;Cadeira Gamer Cooler Master, Caliber R1- Preto e Roxo, Cmi-gcr1 2018.;R$ 1.475,39
468;Cadeira Gamer, Eaglex S1, Giratória, Vermelha;R$ 599,90
469;Cadeira Thunderx3 Tc3, até 125 kg, Rotação de 360 grau, Azure Blue;R$ 1.405,85
470;Cadeira Gamer Thunderx3 Ec3, até 125 kg, com almofadas, Ajustável, Air Tech, Laranja;R$ 1.214,86
471;Cadeira Gamer MoobX Thunder, Peso Suportado até 125Kg, Braços Reguláveis 2D, e Regulagem De Altura, Preto e Azul;R$ 1.104,15
472;Cadeira Gamer Tr-max, Até 120 Kg, de Couro, Giratória, Ajustável - Branca;R$ 1.055,70
473;Cadeira Gamer Design Office Móveis Interlocutor Linha Gamer Racing, Peso recomendado: até 120 kg, Laranja;R$ 3.593,36
474;Cadeira Gamer Para Escritório, Linha Gamer Racing, Verde;R$ 4.125,71
475;Cadeira Gamer Para Escritório, Linha Gamer Racing, Verde;R$ 4.125,71
476;Cadeira Gamer, Interlocutor, Linha Gamer Racing - Marrom;R$ 3.593,36
477;Cadeira Gamer, Giratória Com Braço, Linha Gamer, Racing Azul - Vermelho;R$ 4.125,71
478;Cadeira Gamer Design Office Diretor, Linha Gamer Racing, ate 110 Kg, Sem Almofada, Azul Claro com Preto;R$ 3.593,36
479;Cadeira Gamer Design Office Diretor, Linha Gamer Racing, ate 110 Kg, Sem Almofada, Vermelho com Preto;R$ 3.593,36
480;Cadeira Gamer Design Office Móveis Interlocutor Linha Gamer Racing, Peso recomendado: até 120 kg, Vermelho;R$ 3.593,36
481;Cadeira Gamer Design Office Diretor, Linha Gamer Racing, ate 110 Kg, Sem Almofada, Verde com Preto;R$ 3.593,36
482;Cadeira Gamer Design Office Diretor, Linha Gamer Racing, ate 110 Kg, Sem Almofada, Marrom com Preto;R$ 3.593,36
483;Cadeira Gamer Design Office Diretor, Linha Gamer Racing, ate 110 Kg, Sem Almofada, Verde Limão com Preto;R$ 3.593,36
484;Cadeira Gamer Design Office, Linha Gamer Racing, Com Almofada, Regulavel, Marrom com Preto;R$ 4.299,00
485;Cadeira Gamer Design Office Móveis Interlocutor Linha Gamer Racing, Peso recomendado: até 120 kg, Verde;R$ 3.593,36
486;Cadeira Gamer Design Office Diretor, Linha Gamer Racing, ate 110 Kg, Sem Almofada, Cinza Claro com Preto;R$ 3.593,36
487;Cadeira Gamer OverX Pro Opt, Até 120Kg, Ergonômica, Giratória, Preto E Azul;R$ 1.249,90
488;Cadeira Gamer Design Office Móveis Para Home Office Linha Gamer Blenda Azul;R$ 2.345,00
489;Cadeira Gamer, Interlocutor, Linha Gamer Racing - Cinza;R$ 3.593,36
490;Cadeira Gamer, Giratória, Linha Gamer Racing - Amarelo;R$ 4.125,71
491;Cadeira Gamer Overseas Overx Pro Opt, Até 120Kg, Ergonômica/Giratória, Preto E Vermelho;R$ 1.249,90
492;Cadeira Gamer, Giratória Com Braço, Linha Gamer Racing - Azul;R$ 4.125,71
493;Cadeira Gamer, Interlocutor, Linha Gamer Racing - Branco;R$ 3.593,36
494;Cadeira Gamer Para Escritório, Linha Gamer Racing, Azul;R$ 4.125,71
495;Cadeira Gamer Pelegrin, Em Couro PU, Reclinável, Preta E Vermelha - PEL-3012;R$ 1.168,24
496;Cadeira Gamer Pelegrin, Couro Pu Preta, Vermelha E Cinza - PEL-3009;R$ 781,96
497;Cadeira Gamer Evolut Prism, Até 135Kg, Cinza E Amarelo - Eg-910;R$ 909,99
498;Cadeira Gamer XT Racer Platinum, Reclinável, Ergonômica, Tecido Mesh Respirável, Preto e Verde;R$ 1.499,00
499;Cadeira Gamer Concórdia Ac-8069 suporta até 120kg Reclinável Com Detalhes Em Vermelho;R$ 713,00
500;Cadeira Gamer Pelegrin, Reclinável, Preta E Vermelha - PEL-3018;R$ 990,76
501;Cadeira Gamer Evolut Prism, Até 135 Kg, Preta - Eg-910;R$ 909,99
502;Cadeira Gamer Raven Fxracer, Classe 4, Braço 2d, Tecido - Flexinter;R$ 1.049,00
503;Cadeira Gamer Executiva Escritório Gran Belo Kenpachi Pu Sintético, Vermelho G24;R$ 789,90
504;Cadeira Gamer Kids, Em Couro Pu, Preta e Azul, Pelegrin - Pel-9353;R$ 520,96
505;Cadeira Gamer Dt3 Sports Romeo Tecido, Blue - 13792-2;R$ 1.599,90
506;Cadeira Gamer Draxen DN2, Até 150kg, Com Almofadas, Reclinável, Descanso de Braço 2D, Preto - DN002/BK;R$ 799,99
507;Cadeira Gamer Mymax MX5, Até 150kg, Com Almofadas, Reclinável, Descanso de Braço 2D, Preto e Verde - MGCH-MX5/GR;R$ 679,99
508;Cadeira Gamer Dazz Legacy Series - Preto/Purple;R$ 685,71
509;Cadeira Gamer Thunderx3 Ec1, Suporta Até 120kg, Cilindro De Gás, Almofadas, Preto E Branco - 78234;R$ 793,17
510;Cadeira Thunderx3 Tc3, até 125 kg, Rotação de 360 grau, Sakura White;R$ 1.255,36
511;Cadeira Gamer Thunderx3 Ec1, Suporta Até 120kg, Cilindro De Gás, Almofadas, Preto E Rosa - 78233;R$ 793,17
512;Cadeira Gamer Gamdias Zelus E3 Weave L Gb, até 120kg, C/ Apoio De Braço, Cinza/preto;R$ 849,00
513;Cadeira Gamer Raven X-20 Estrutura De Metal, Braço 2d Encosto Reclinável Até 180 Graus Preta / Vermelho;R$ 1.599,00
514;Cadeira Gamer Design Office Móveis Interlocutor Linha Gamer Racing, Peso recomendado: até 120 kg, Verde;R$ 3.593,36
515;Cadeira Gamer Design Office, Linha Gamer Racing, Com Almofada, Regulavel, Azul Claro com Preto;R$ 4.299,00
516;Cadeira Gamer, Bw Diamond 10di - Preta E Azul;R$ 1.260,00
517;Cadeira Gamer Design Office Diretor, Linha Gamer Racing, ate 110 Kg, Sem Almofada, Vinho com Preto;R$ 3.593,36
518;Cadeira Gamer Design Office, Linha Gamer Racing, Com Almofada, Regulavel, Roxo com Preto;R$ 4.299,00
519;Cadeira Gamer Design Office, Linha Gamer Racing, Com Almofada, Regulavel, Cinza com Preto;R$ 4.299,00
520;Cadeira Gamer Design Office, Linha Gamer Racing, Com Almofada, Regulavel, Verde Água com Preto;R$ 4.299,00
521;Cadeira Gamer Design Office Diretor, Linha Gamer Racing, ate 110 Kg, Sem Almofada, Preto com Preto;R$ 3.593,36
522;Cadeira Gamer Para Escritório, Linha Gamer Racing, Verde;R$ 4.125,71
523;Cadeira Gamer Para Escritório, Linha Gamer Cagliari, Vermelho;R$ 2.750,00
524;Cadeira Gamer Para Escritório, Linha Gamer Racing, Cinza Claro;R$ 4.125,71
525;Cadeira Gamer Para Escritório, Linha Gamer Racing, Marrom;R$ 4.125,71
526;Cadeira Gamer, Interlocutor Linha Gamer Racing - Preto;R$ 3.593,36
527;Cadeira Gamer, Giratória Linha Gamer, Racing Amarelo - Azul;R$ 4.125,71
528;Cadeira Gamer Para Escritório, Linha Gamer Racing, Vermelho;R$ 4.125,71
529;Cadeira Gamer Para Escritório, Linha Gamer Cagliari - Azul;R$ 2.750,00
530;Cadeira Gamer Para Escritório, Linha Gamer Racing, Vermelho;R$ 4.125,71
531;Cadeira Gamer Design Office, Linha Gamer Racing, Com Almofada, Regulavel, Rosa Pink com Preto;R$ 4.299,00
532;Cadeira Gamer Design Office Diretor, Linha Gamer Racing, ate 110 Kg, Sem Almofada, Verde Água com Preto;R$ 3.593,36
533;Cadeira Gamer Elg Racing Ch03rd;R$ 798,31
534;Cadeira Gamer Pelegrin Pel-3005 Preta E Verde;R$ 625,36
535;Cadeira Gamer Pelegrin Em Couro Pu Reclinável Pel-3012 Preta E Cinza;R$ 1.168,24
536;Cadeira Presidente Gamer Em Couro Pu, Preta E Verde Pelegrin - PEL-3002;R$ 886,36
537;Cadeira Gamer Pelegrin Em Couro Pu, Reclinável, Preta E Cinza - PEL-3013;R$ 938,56
538;Cadeira Gamer Estofada Camuflada Greatek;R$ 1.328,90
539;Cadeira Gamer OexGame Gc500, Com LED E Controle Remoto, Até 120Kg, Cilindro Classe 4, 2 Almofadas Removíveis, Preto E Cinza;R$ 2.299,00
540;Cadeira Gamer Greatek, Até 150Kg, Reclinável, Estofada, Azul e Preta;R$ 899,00
541;Cadeira Gamer Dt3 Sports Girl Power 13371-5.;R$ 1.573,95
542;Cadeira Gamer Greatek, Reclinavel, Estofada, Peso Suportado: 150 kg, Preta;R$ 1.199,00
543;Cadeira Gamer Redragon Metis, Preta e Vermelha  C102-BR;R$ 1.664,91
544;Cadeira Gamer Pelegrin, Preta E Vermelha - PEL-3005;R$ 625,36
545;Cadeira Gamer Pelegrin, Preta E Azul - PEL-3005;R$ 625,36
546;Cadeira Gamer Primex V2 Preto/vermelho, 62000153,;R$ 825,55
547;Cadeira Gamer Xzone, Premium, Cgr-03-r - Preto/vermelho;R$ 1.202,45
548;Cadeira Gamer Royale Preto E Branco, Com Regulagem De Altura;R$ 899,00
549;Cadeira Gamer, Predator Com Acabamento Premium, Espuma De Alta Densidade;R$ 2.799,00
550;Cadeira Gamer Royale Preto, Branco E Vermelho, com regulagem de altura;R$ 552,42
551;Cadeira Gamer Evolut, Tanker, Azul, Reclinável, Almofada - Eg-900;R$ 1.316,56
552;Cadeira Dt3 Gamma Fabric Black, Peso máximo suportado: 120kg;R$ 1.573,95
553;Cadeira Gamer Draxen DN2, Até 150kg, Com Almofadas, Reclinável, Descanso de Braço 2D, Preto e Vermelho - DN002/RD;R$ 779,99
554;Cadeira Gamer Draxen DN2, Até 150kg, Com Almofadas, Reclinável, Descanso de Braço 2D, Preto e Azul Celeste - DN002-BLS;R$ 779,99
555;Cadeira Gamer Tr-max, Até 120 Kg, de Couro, Giratória, Ajustável - Vermelha;R$ 1.055,70
556;Cadeira Gamer Mymax MX5, Até 150kg, Com Almofadas, Reclinável, Descanso de Braço 2D, Preto e Vermelho - MGCH-MX5/RD;R$ 679,99
557;Cadeira Gamer Maxprint/dazz, Omega, Preta, Peso Máximo Suportado: 100kg;R$ 521,55
558;Cadeira Gamer Design Office Móveis Interlocutor Linha Gamer Racing, Peso recomendado: até 120 kg, Verde com Preto;R$ 3.593,36
559;Cadeira Gamer Design Office, Linha Gamer Racing, Com Almofada, Regulavel, Verde com Preto;R$ 4.299,00
560;Cadeira Gamer Design Office Diretor, Linha Gamer Racing, ate 110 Kg, Sem Almofada, Laranja com Preto;R$ 3.593,36
561;Cadeira Gamer Design Office, Linha Gamer Racing, Com Almofada, Regulavel, Branco com Preto;R$ 4.299,00
562;Cadeira Gamer Design Office Diretor, Linha Gamer Racing, ate 110 Kg, Sem Almofada, Cinza com Preto;R$ 3.593,36
563;Cadeira Gamer, Bw Diamond 10di - Preta E Vermelha;R$ 1.260,00
564;Cadeira Gamer Design Office Móveis Interlocutor Linha Gamer Racing, Peso recomendado: até 120 kg, Cinza;R$ 3.593,36
565;Cadeira Gamer Bw Racer Pro 10pr - Preta;R$ 950,00
566;Cadeira Gamer, Bw Racer 10tu01 - Preta E Vermelha;R$ 2.300,00
567;Cadeira Gamer Design Office Diretor, Linha Gamer Racing, ate 110 Kg, Sem Almofada, Telha com Preto;R$ 3.593,36
568;Cadeira Gamer Design Office Diretor, Linha Gamer Racing, ate 110 Kg, Sem Almofada, Café com Preto;R$ 3.593,36
569;Cadeira Gamer Design Office Móveis Interlocutor, Linha Gamer Racing, até 120 kg, Bege;R$ 3.593,36
570;Cadeira Gamer Design Office Móveis Interlocutor Linha Gamer Racing, Peso recomendado: até 120 kg, Azul;R$ 3.593,36
571;Cadeira Gamer Design Office Diretor, Linha Gamer Racing, ate 110 Kg, Sem Almofada, Roxo com Preto;R$ 3.593,36
572;Cadeira Gamer Design Office, Linha Gamer Racing, Com Almofada, Regulavel, Azul com Preto;R$ 4.299,00
573;Cadeira Gamer Rocket Preta Com Vermelho - Cgr10pvm - Vinik;R$ 999,02
574;Cadeira Gamer Design Office Móveis Interlocutor Linha Gamer Racing, Peso recomendado: até 120 kg, Roxo;R$ 3.593,36
575;Cadeira Gamer Design Office Diretor, Linha Gamer Racing, ate 110 Kg, Sem Almofada, Amarelo Mostarda com Preto;R$ 3.593,36
576;Cadeira Gamer Design Office Diretor, Linha Gamer Racing, ate 110 Kg, Sem Almofada, Bege com Preto;R$ 3.593,36
577;Cadeira Gamer Para Escritório, Linha Gamer Racing, Laranja;R$ 4.125,71
578;Cadeira Gamer, Interlocutor, Linha Gamer Racing - Rosa;R$ 3.593,36
579;Cadeira Gamer Para Escritório Linha Gamer Cagliari Laranja;R$ 2.750,00
580;Cadeira Gamer Draxen Dn3 Giratoria - Preto/azul;R$ 862,92
581;Cadeira Gamer, Linha Gamer Cagliari - Laranja;R$ 2.750,00
582;Cadeira Gamer Para Escritório, Linha Gamer Cagliari - Verde;R$ 2.750,00
583;Cadeira Gamer Infantil Pelegrin, Em Couro Pu, Preta e Vermelha - Pel-9353;R$ 520,96
584;Cadeira Gamer Pelegrin Em Couro Pu, Preta E Cinza - PEL-3017;R$ 646,24
585;Cadeira Gamer Evolut Hunter EG908, Preto E Azul;R$ 749,99
586;Cadeira Thunderx3 Xc3 All Black;R$ 2.044,68
587;Cadeira Gamer, Modelo Armor Air - Ref.3maair.0001;R$ 1.630,00
588;Cadeira Gamer Evolut Hunter EG908, Preto E Vermelho;R$ 749,99
589;Cadeira Gamer Vinik Rocket Preta Com Vermelho - Cgr10pvm;R$ 754,65
590;Cadeira Gamer Aerocool Air, Preto E Azul - Ac40c;R$ 934,15
591;Cadeira Gamer Evolut, Ace, Ate 120 Kg, Preto/verde - EG-909;R$ 1.091,99
592;Cadeira Gamer Giratoria Preta;R$ 1.099,90
593;Cadeira Gamer De Balanço Pelegrin Pel-3024 Preta Com Led E Auto-falante Bluetooth;R$ 813,28
594;Cadeira Gamer ELG Drakon, Peso Máx. Suportado 140Kg, Ajuste de altura com sistema Butterfly, Preto - Ch31bk;R$ 952,94
595;Cadeira Gamer PcTop Premium 1020, Azul, Branco e Preto, Reclinável - Se1020;R$ 750,00
596;Cadeira Gamer Mymax MX5, Até 150kg, Com Almofadas, Reclinável, Descanso de Braço 2D, Preto e Azul - MGCH-MX5/BL;R$ 679,99
597;Cadeira Gamer Thunderx3 Ec3, até 125 kg, com almofadas, Ajustável, Air Tech, Rosa;R$ 1.214,86
598;Cadeira Gamer Thunderx3 Ec3, até 125 kg, com almofadas, Ajustável, Air Tech, Branca;R$ 1.257,85
599;Cadeira Thunderx3 Tc3, até 125 kg, Rotação de 360 grau, Neon Green;R$ 1.255,36
600;Cadeira Gamer Multi, Verde + Headset Gamer Askari Warrior, P3 Stereo, Para Xbox One, Verde - GA160K;R$ 915,80
601;Cadeira Gamer Tr-max, Até 120 Kg, de Couro, Giratória, Ajustável - Preta;R$ 1.055,70
602;Cadeira Gamer Design Office Móveis Para Escritório Linha Gamer Cagliari Verde;R$ 2.750,00
603;Cadeira Gamer Design Office Diretor, Linha Gamer Racing, ate 110 Kg, Sem Almofada, Azul com Preto;R$ 3.593,36
604;Cadeira Gamer Design Office Móveis Para Home Office Linha Gamer Blenda Amarelo;R$ 2.345,00
605;Cadeira Gamer Para Escritório, Linha Gamer Racing, Preto;R$ 4.125,71
606;Cadeira Gamer Para Escritório, Linha Gamer Cagliari - Azul;R$ 2.750,00
607;Cadeira Gamer Design Office, Interlocutor Linha Gamer Racing - Marrom;R$ 3.593,36
608;Cadeira Gamer Design Office Diretor, Linha Gamer Racing, ate 110 Kg, Sem Almofada, Branco com Preto;R$ 3.593,36
609;Cadeira Gamer Design Office Diretor, Linha Gamer Racing, ate 110 Kg, Sem Almofada, Verde Escuro com Preto;R$ 3.593,36
610;Cadeira Gamer Design Office Diretor, Linha Gamer Racing, ate 110 Kg, Sem Almofada, Rosa Pink com Preto;R$ 3.593,36
611;Cadeira Gamer Design Office, Linha Gamer Racing, Com Almofada, Regulável, Vinho com Preto;R$ 4.299,00
612;Cadeira Gamer Design Office, Linha Gamer Racing, Com Almofada, Regulavel, Café com Preto;R$ 4.299,00
613;Cadeira Gamer Design Office, Linha Gamer Racing, Com Almofada, Regulavel, Verde Escuro com Preto;R$ 4.299,00
614;Cadeira Gamer Greatek Estofada, Vermelho E Preta;R$ 999,00
615;Cadeira Gamer Para Escritório, Linha Gamer Racing, Roxo;R$ 4.125,71
616;Cadeira Gamer Para Escritório, Linha Gamer Ravenna, Vermelho;R$ 2.959,00
617;Cadeira Gamer Para Escritório, Linha Gamer Racing, Rosa;R$ 4.125,71
618;Cadeira Gamer, Interlocutor, Linha Gamer Racing - Vermelho;R$ 3.593,36
619;Cadeira Gamer, Interlocutor, Linha Gamer Racing - Vermelho;R$ 3.593,36
620;Cadeira Gamer Pelegrin Em Couro Pu, Preta E Vermelha - PEL-3017;R$ 646,24
621;Cadeira Gamer Pelegrin Pel-3011, Preta E Azul;R$ 823,72
622;Cadeira Gamer Pelegrin Pel-3011, Preta E Vermelha;R$ 823,72
623;Cadeira Gamer Pelegrin, Couro Pu Preta, Vermelha E Verde - PEL-3009;R$ 781,96
624;Cadeira Gamer Pelegrin, Em Couro PU, Reclinável, Preta E Verde - PEL-3012;R$ 1.168,24
625;Cadeira Gamer Pelegrin Em Couro Pu, Reclinável, Preta E Azul - Pel-3013;R$ 938,56
626;Kit - Mesa Gamer Pelegrin Pel-002p, Preta + Cadeira Gamer Pelegrin Pel-3017, Cinza;R$ 1.622,38
627;Cadeira Gamer Reclinável, Greatek, Preto e Vermelho;R$ 1.043,01
628;Cadeira gamer dt3sports royce tecido ashen 13340-1;R$ 3.233,84
629;Cadeira Gamer Evolut Prism, Até 135 Kg, Cinza E Verde - Eg-910;R$ 909,99
630;Cadeira Gamer Redragon Coeus, C201-bw, Ajustável, Couro Sintético, Preta E Branca;R$ 1.599,99
631;Cadeira Gamer Aerocool Air, Preto E Vermelho - Ac40c;R$ 934,15
632;Cadeira Gamer Infantil Em Couro Pvc Pelegrin Pel-9354, até 60kg - Preto Com Branco;R$ 385,24
633;Cadeira Gamer Pelegrin Em Couro Pu, Preta E Azul - PEL-3017;R$ 646,24
634;Cadeira Gamer Pelegrin Pel-3005 - Azul, Branca E Preta;R$ 625,36
635;Cadeira Gamer Cooler Master Caliber X1c Preto Cmi-gcx1c-bk, Suporta: 150kg;R$ 2.827,51
636;Cadeira Gamer Pelegrin, Preta E Cinza - PEL-3005;R$ 625,36
637;Cadeira Gamer Dn2 Preto/azul Celeste - Draxen;R$ 764,15
638;Cadeira Gamer Mymax MX5, Até 150kg, Com Almofadas, Reclinável, Descanso de Braço 2D, Branco e Verde - MGCH-MX5/GRWH;R$ 679,99
639;Cadeira Gamer Draxen DN2, Até 150kg, Com Almofadas, Reclinável, Descanso de Braço 2D, Preto e Azul - DN002/BL;R$ 779,99
640;Cadeira Gamer Tr-max, Até 120 Kg, de Couro, Giratória, Ajustável - Azul;R$ 1.055,70
641;Cadeira Gamer Fortrek, Cruiser, Preta/Vermelha, Reclinável;R$ 1.079,87
642;Cadeira Gamer Black Hawk Fortrek, Preta com Verde;R$ 1.079,87
643;Cadeira Gamer Fortrek Black Hawk, Até 120Kg, Reclinável, Preto E Azul;R$ 943,81
644;Cadeira Gamer, MoobX, Profissional Thunder, Braços Reguláveis 2D e Regulagem De Altura;R$ 1.299,00
645;Cadeira Gamer, MoobX, Profissional Thunder, Braços Reguláveis 2D e Regulagem De Altura;R$ 999,90
646;Cadeira Gamer, MoobX, Nitro Com Regulagem de Altura e Reclinação 180°;R$ 999,90
647;Cadeira Gamer MoobX Nitro, Até 125 Kg, Com Regulagem de Altura e Reclinação 180°;R$ 799,90
648;Cadeira Gamer PRO-X Gaming Executiva, Reclinável, Giratóri Preto/Vermelho;R$ 989,90
649;Cadeira Gamer, MoobX Profissional Thunder, Preto/Branco;R$ 1.299,00
650;Cadeira Gamer Bela MoobX GT Racer Profissional, Preto/Amarelo;R$ 999,00
651;Cadeira Gamer, Best, G500 - Preto com Azul;R$ 905,40
652;Cadeira Gamer PCTop Top, Preta e Vermelha - SE1022;R$ 1.005,48
653;Cadeira Gamer ThunderX3 Camo/VD Military - BC3;R$ 1.331,86
654;Cadeira Gamer, MoobX, GT Racer;R$ 999,00
655;Cadeira Gamer Fortrek Vickers, Suporta até 135Kg, Preta/Verde;R$ 987,09
656;Cadeira Gamer  Thunderx3 BC3, Peso Suportado até 150Kg, Ergonômica, Reclinável, Preta;R$ 1.214,86
657;Cadeira Gamer Pcyes Mad Racer V8 Turbo, Verde - V8TBMADVD;R$ 1.305,27
658;Cadeira Gamer Pelegrin, Até 150 Kg, Em Couro Pu, Reclinável, Preta e Verde - PEL-3019;R$ 886,36
659;Cadeira Gamer Pelegrin em Couro Pu, Reclinável, Suporta até 150Kg, Preta e Cinza - Pel-3003;R$ 1.230,88
660;Cadeira Gamer PCYes Mad Racer V6 Turbo, Azul e Preta - GMADV6TAZ;R$ 1.327,85
661;Cadeira Gamer Fortrek Vickers, Suporta até 135Kg, Preta/Rosa;R$ 1.494,58
662;Cadeira Gamer ThunderX3 TC3, Peso Suportado até 125Kg, Apoio de Braços Bi-direcional, Ember Red;R$ 1.389,15
663;Cadeira Gamer Cruiser Fortrek, Suporta até 135Kg, Preta/Verde;R$ 1.079,87
664;Cadeira Gamer Fortrek Vickers, Peso Suportado até 135Kg, Mecanismo Butterfly, Azul - 70521;R$ 987,09
665;Cadeira Gamer Thunderx3 EC1, Peso Suportado até 150Kg, AIR Tech, Preto;R$ 793,17
666;Cadeira Gamer Poker Royal Flush Healer Travel Max, Suporta até 100Kg, Vermelha;R$ 994,55
667;Cadeira Gamer ThunderX3 EC1, Suporta até 150Kg, Vermelha;R$ 887,84
668;Cadeira Gamer Home Office, Suporta até 120Kg, Branco/Rosa;R$ 2.561,10
669;Cadeira Gamer Holt Preta e Cinza - Fortrek;R$ 783,38
670;Cadeira Gamer Holt, Preta/Vermelha - Fortrek;R$ 783,38
671;Cadeira Gamer PcTop Premium 1020, Vermelho, Branco e Preto, Reclinável - Se1020;R$ 702,00
672;Cadeira Gamer PCTOP Elite 1010 - Preta e Azul;R$ 734,40
673;Cadeira Gamer Elite Pctop, Reclinável, 2 Almofadas, Verde - Se1010;R$ 734,40
674;Cadeira Gamer Dt3 Sports Onix Diamond Pink;R$ 2.512,07
675;Cadeira Gamer, Thermaltake Comfort Size GTC500;R$ 3.056,29
676;Cadeira Gamer Office Giratória, Com Elevação A Gás, BC3 H01, Camuflado Verde Military - ThunderX3;R$ 1.799,90
677;Cadeira Gamer Office Giratória Com Elevação A Gás Pro F03 Preto Vermelho - Lyam Decor;R$ 874,90
678;Cadeira Gamer PCTOP Elite 1010 - Preta e Vermelha;R$ 849,91
679;Cadeira Gamer Elements Gaming Elemental TERRA, Verde;R$ 978,21
680;Cadeira Gamer Office Giratória, Com Elevação A Gás, BC3, Preto - ThunderX3;R$ 1.814,90
681;Cadeira Gamer Office Giratória, Com Elevação A Gás, BC3, Camuflado Azul Admiral - ThunderX3;R$ 1.814,90
682;Cadeira Akracing Nitro, Vermelho;R$ 2.455,60
683;Cadeira Gamer PCTop Power, Peso Suportado até 150Kg, Preta e Azul - X-2555;R$ 750,00
684;Cadeira Gamer Dazz Prime-x, Apoio Pra Braço Pescoço E Lombar - Vermelha;R$ 1.229,40
685;Cadeira Gamer Mad Racer Sti Master Preto - Madstimspt;R$ 848,51
686;Cadeira Gamer Pcyes Mad Racer V8 Turbo Pink - V8tbmadpk;R$ 1.305,27
687;Cadeira Gamer Cougar Armor Titan Pro - 3MTITANS.0001;R$ 3.100,00
688;Cadeira Gamer Poker Royal Flush Healer, Branca;R$ 994,55
689;Cadeira Gamer Dust, Com Apoio Para As Pernas Retrátil, Preta;R$ 858,42
690;Cadeira Gamer Gc200 - Oex Game - Preta;R$ 899,90
691;Cadeira Gamer Office Giratória, Com Elevação A Gás, TGC12 H01, Preto E Vermelho - ThunderX3;R$ 1.754,91
692;Cadeira Gamer Office Giratória, Com Elevação A Gás, EC3 H01, Preto E Ciano - ThunderX3;R$ 1.679,90
693;Cadeira Gamer Elg Black Hawk Ch05bkrd;R$ 1.404,90
694;Cadeira Gamer Office Giratória, Com Elevação A Gás, EC3 H01, Preto E Vermelho - ThunderX3;R$ 1.679,90
695;Cadeira Gamer Pelegrin, Em Couro Pu, Reclinável, Preta e Verde - Pel-3013;R$ 938,56
696;Cadeira Gamer Pelegrin, Em Couro PU, Reclinável, Preta E Azul - PEL-3012;R$ 1.168,24
697;Cadeira Gamer Top Tag, Até 130 Kg, Azul e Preta - HS112BLI;R$ 1.190,85
698;Kit - 02 Cadeiras Gamer Office Giratória, Com Elevação A Gás, EC3, Preto - ThunderX3;R$ 3.409,90
699;Cadeira Gamer Office Giratória, Com Elevação A Gás, BC3, Preto E Vermelho - ThunderX3;R$ 1.769,90
700;Kit - 02 Cadeiras Gamer Office Giratória, Com Elevação A Gás, EC3, Preto E Ciano - ThunderX3;R$ 3.619,90
701;Cadeira Gamer Office Giratória, Com Elevação A Gás, Extreme F03, Preto E Vermelho - Lyam Decor;R$ 874,90
702;Cadeira Gamer Reclinável, Preta E Cinza, Kross - KE-GC101;R$ 699,00
703;Cadeira Gamer Reclinável, Preta E Vermelha, Kross - KE-GC100;R$ 699,00
704;Cadeira Gamer Giratória, Com Elevação A Gás, Office Holt H01, Preto E Cinza - Fortrek;R$ 954,90
705;Kit - 02 Cadeiras Gamer Office Giratória, Com Elevação A Gás, BC3, Camuflado - ThunderX3;R$ 3.629,90
706;Kit - 02 Cadeiras Gamer Office Giratória, Com Elevação A Gás, BC3, Camuflado Azul Admiral - ThunderX3;R$ 3.629,90
707;Cadeira Gamer Giratória, Elevação A Gás, 02 Almofadas De Apoio, Cruiser H01, Preto E Vermelho - Fortrek;R$ 1.454,90
708;Cadeira Gamer Giratória Reclinável Com Regulagem De Altura Ergonômica Pro-v Sport Pu Sintético Preto/branco - Gran Belo;R$ 1.139,90
709;Cadeira Gamer Evolut Lite Eg-904 - Branco;R$ 1.499,99
710;Cadeira Gamer Evolut Lite, Até 120 Kg, Preto - EG-904;R$ 1.499,99
711;Cadeira Gamer Evolut Lite Eg-904, Azul - Evolut;R$ 1.499,99
712;Kit 02 Cadeiras Gamer Giratória Reclinável Com Regulagem De Altura Ergonômica Pro-v Sport Pu Sintético Preto/branco - Gran Belo;R$ 2.279,90
713;Cadeira Gamer DT3 Sports GTS, Peso Máx Suportado 120Kg, Função rocking, Marrom - 10235-1;R$ 1.480,80
714;Cadeira Gamer Reclinável Predator Com 2 Almofadas Zidi;R$ 1.529,90
715;Cadeira Gamer Reclinável Predator Com 2 Almofadas Zidi;R$ 1.529,90
716;Cadeira Gamer Thunderx3 Ec3, Black/red;R$ 1.382,38
717;Cadeira Gamer Reclinável Predator, Com 2 Almofadas - Zidi;R$ 1.529,90
718;Cadeira Office Pro Gamer G-force Preto E Azul - D´rossi;R$ 1.999,90
719;Cadeira Gamer Sakes, Vermelha - Sk20028;R$ 599,90
720;Cadeira Gamer Dust, Com Apoio para as Pernas, Retrátil - Vermelha;R$ 858,42
721;Cadeira Gamer New Star, Vermelho E Preto - WG-06;R$ 936,18
722;Cadeira Gamer Moobx Thunder Preto E Vermelho;R$ 1.299,00
723;Cadeira Gamer New Star, Amarelo, Preto, Wg-06;R$ 936,18
724;Cadeira Gamer Reclinável Sparta Com 2 Almofadas Zidi;R$ 1.629,90
725;Cadeira Gamer Reclinável Sparta Com 2 Almofadas Zidi;R$ 1.629,90
726;Cadeira Gamer Force One Essential 115, Até 90Kg, Preta;R$ 569,05
727;Cadeira Gamer, Júpiter, Em Couro, Reclinável E Giratória - Vermelha;R$ 1.072,85
728;Cadeira Gamer DN2, Preto e Azul, Draxen;R$ 764,15
729;Cadeira Gamer Dazz - Elite;R$ 1.124,99
730;Cadeira Gamer Gc302, Estofado Em Couro, Sintético, 120kg, Preto e Laranja;R$ 1.499,90
731;Cadeira Gamer Gc301, Estofado Em Couro Sintético, 120kg, Preto e Laranja;R$ 1.499,00
732;Cadeira Gamer Giratória Com Elevação A Gás, Office Black Hawk H01, Preto/Azul - Fortrek;R$ 1.339,90
733;Cadeira Gamer New WG-02, Vermelha;R$ 614,88
734;Cadeira Gamer Star Game, Reclinável, Wg-03;R$ 839,88
735;Cadeira Gamer Dt3 Sports Modena Blue, Encosto Reclinável De 180º , Construção Em Aço - 10501-7;R$ 1.599,90
736;Cadeira Gamer Goldentec, Gt, Pink;R$ 949,91
737;Cadeira Gamer F-New, Azul, Reclinável Giratória;R$ 919,77
738;Cadeira Gamer Moobx Royale Confort Preto, + Mesa Gamer Notável XP -  NT2020;R$ 1.199,90
739;Cadeira Gamer, Gt Shock;R$ 1.139,91
740;Cadeira Gamer Eg-900 Tanker - Branca;R$ 1.596,61
741;Cadeira Gamer Eg-901 Amarela - Evolut;R$ 845,50
742;Cadeira Gamer Eg-900 Tanker Evolut - Preta;R$ 1.513,34
743;Cadeira Gamer Eg-903 Laranja - Evolut;R$ 845,50
744;Cadeira Gamer Eg-903 Branca Evolut, Malha Sintética;R$ 845,50
745;Cadeira Gamer Eg-901 Vermelha - Evolut;R$ 845,50
746;Cadeira Gamer Eg-901 Azul Evolut;R$ 845,50
747;Cadeira Gamer Eg-901 Branco Evolut;R$ 845,50
748;Cadeira Gamer PCTOP Super Verde - 1015;R$ 744,19
749;Cadeira Gamer Kids Akasa, Preta E Vermelha - A-gch-03rd;R$ 968,99
750;Kit - 02 Cadeiras Gamer Office, Giratória Com Elevação A Gás, BC3, Preto - ThunderX3;R$ 3.629,90
751;Cadeira Gamer 3316-or Design - Vermelho;R$ 578,34
752;Mesa Gamer Reversível, Me4152 - Tecnomobili;R$ 299,90
753;Cadeira Gamer Evolut, Vermelha - Eg-900;R$ 1.481,42
754;Cadeira Gamer Vênus Em Couro Reclinável E Giratória - Azul;R$ 966,42
755;Cadeira Gamer Goldentec GT Red, Até 120Kg, Reclinável, Com Apoio para Pés;R$ 854,91
756;Cadeira Gamer Gc200, Estofado Em Couro Sintético, 100kg, Preto e Laranja;R$ 899,90
757;Cadeira Gamer, Goldentec, Gt Space, Com Iluminação RGB;R$ 1.138,86
758;Cadeira Gamer Thunderx3, Ec1, Escritório, Ergonômica;R$ 929,00
759;Cadeira Gamer Hoopson, Preto - CG-507;R$ 1.499,87
760;Cadeira Gamer Cooler Master Caliber R1s - Branco E Rosa - Cmi-gcr1s-pkw;R$ 1.975,90
761;Cadeira Gamer, Ergonômica Sanbox Diamond  - Vermelha;R$ 1.270,72
762;Cadeira Gamer Reclinável Greatek, Preto e Azul;R$ 901,55
763;Cadeira Gamer, Giratória Extreme F01, Preta/azul  - Mpozenato;R$ 1.023,90
764;Cadeira Gamer Giratória Extreme F01 Preta/verde - Mpozenato;R$ 1.023,90
765;Cadeira Gamer Giratória Extreme, F01, Preta/Vermelha - Mpozenato;R$ 1.023,90
766;Cadeira Gamer Reclinável Pro F01, Preta e Vermelha - Mpozenato;R$ 1.067,90
767;Cadeira Gamer Giratória Supreme F01, Preto e Azul - Mpozenato;R$ 1.142,90
768;Cadeira Gamer Dazz Marvel Homem Aranha Black, Encosto Reclinável, Construção Em Aço - 62000048;R$ 3.799,49
769;Cadeira Gamer Importway Reclinável, Iwcgrvm - Vermelho;R$ 519,90
770;Cadeira Gamer Mad Racer V16 Material Sintético;R$ 2.729,88
771;Cadeira Gamer B.Hoff Mobile Reclinável E Relax, Com Iluminação LED RGB, Preta, Peso suportado: até 120 kg.;R$ 974,02
772;Cadeira Gamer Boxbit F16, Vermelha, Base Rodízio;R$ 1.038,87
773;Cadeira Gamer Boxbit Raptor, Branca, Base Rodízio;R$ 578,34
774;Cadeira Gamer Boxbit Raptor, Azul, Base Rodízio;R$ 578,34
775;Cadeira Gamer Boxbit F16 Army, Base Rodízio;R$ 1.038,87
776;Cadeira Gamer, Oexgame, Gc200, 100kg;R$ 899,90
777;Cadeira Gamer Rocket, Peso Suportado até 150Kg, Ajuste de altura, Preto e Verde - Cgr10pvd;R$ 754,65
778;Cadeira Gamer Stars, Com Encosto Reclinável, Mecanismo Backsystem, Preta E Azul, Capacidade Até 120Kg;R$ 733,52
779;Cadeira Gamer Boxbit Raptor, Preta E Cinza, Base Rodízio;R$ 578,34
780;Cadeira Gamer, Xt Racer, Armor Series, Preto e Branco;R$ 1.499,00
781;Cadeira Gamer, Xt Racer, Armor Series, Preto e Vermelho;R$ 1.499,00
782;Cadeira Gamer Dt3 Sports Royce, Tecido De Algodao E Malha, Ashen - 13006-0;R$ 3.130,05
783;Cadeira Gamer, MX11, Giratória, Preto E Azul, Mymax;R$ 509,15
784;Cadeira Gamer XT Racer Vulcan Reclinável Ergonômica Couro Sintético - Preto e Vermelho;R$ 1.299,00
785;Cadeira Gamer, XT Racer Fire Gun, Reclinável Ergonômica, Couro sintético, Preto e Prata.;R$ 1.799,00
786;Cadeira Gamer, XT Racer, Fire Gun, Reclinável Ergonômica, Couro sintético, Preto.;R$ 1.799,00
787;Cadeira de escritório, Gamer XT Racer Fire Gun, Reclinável Ergonômica, Couro sintético, Preto e Vermelho.;R$ 1.799,00
788;Cadeira Gamer, XT Racer Draco, Reclinável Ergonômica, Tecido Polyester, Preto e Rosa.;R$ 2.299,00
789;Cadeira Gamer Copa Do Mundo Qatar 2022 Edição Especial Vermelho Com Branco - Dx-3000 Lx2;R$ 990,00
790;Cadeira Gamer Copa Do Mundo Qatar 2022 Edição Especial Preto Com Roxo - Mt-2000 Bp1;R$ 1.161,00
791;Cadeira Gamer, Fifa Qatar 2022, Checkpoint, Preto Com Vermelho - Dx-3000 Lx1;R$ 990,00
792;Cadeira Gamer XT Racer Taycan Escritório Ergonômica Reclinável Couro Sintético - Preto e Cinza;R$ 1.399,00
793;Cadeira Gamer XT Racer Taycan Escritório Ergonômica Reclinável Couro Sintético - Preto e Vermelho;R$ 1.399,00
794;Cadeira Gamer, XT Racer Viking, Reclinável Ergonômica, Couro Sintético, Preto e Amarelo.;R$ 1.199,00
795;Cadeira Gamer XT Racer Attack Reclinável Ergonômica Couro Sintético Preto e Amarelo;R$ 1.099,00
796;Cadeira Gamer XT Racer Defender, Reclinável Ergonômica, Tecido Polyester, Preto e Verde.;R$ 1.399,00
797;Cadeira Gamer Husky Gaming Snow Limited Edition, Preto, Cilindro de Gás Classe 4, Base em Metal, Roda em Nylon - HGMA054;R$ ---
798;Cadeira Gamer DT3Sports Royce, com Almofada, Reclinável, Apoio de Braço 4D, Cool Black - 13291-6;R$ ---
799;Cadeira Gamer Alpha Gamer Nebula Fabric,  Até 150 kg, Apoio de Braço 4D, Reclinável, Cinza e Azul - AGNEBULA-GRY-BL;R$ ---
800;Cadeira Gamer Alpha Gamer Nebula XL Fabric, Até 150 kg, Apoio de Braço 4D, Reclinável, Cinza - AGNEBULAXL;R$ ---
801;Cadeira Gamer DT3sports Rhino, Até 200kg, Com Almofadas, Reclinável, Descanso de Braço 4D,  Preto - 11229-5;R$ ---
802;Cadeira Gamer ThunderX3 EC3, Até 120 kg,  Preto - 67998;R$ ---
803;Cadeira Gamer DT3 Rhino Ashen, Com almofadas, Reclinável, Apoio de braço 4D, Preto - 13341-2;R$ ---
804;Cadeira Gamer DT3 Elise, Até 130 Kg, com Almofadas, Reclinável, Preto e Vermelho - 13442-4;R$ ---
805;Cadeira Gamer DT3 Sports Rhino Fabric, com Almofada, Reclinável, Apoio de Braço 4D, Cool Black - 13292-7;R$ ---
806;Cadeira Gamer DT3 Elise Fabric, Até 130 Kg, Com Almofadas, Reclinável, Descanso de Braço 1D, Preto e Cinza - 13445-7;R$ ---
807;Cadeira Gamer DT3 Elise, Até 130 Kg, com Almofadas, Reclinável, Preto e Azul - 13437-8;R$ ---
808;Cadeira Gamer DT3sports Royce Navy Blue - 11914-6;R$ ---
809;Cadeira Gamer DT3 Elise Fabric, Até 130 Kg, Com Almofadas, Reclinável, Descanso de Braço 2D, Preto e Azul - 13444-6;R$ ---
810;Rodízios para Cadeiras Husky Gaming Storm, Blizzard e Hailstorm KIT C/ 5 Vermelho - HAC-RSBHR;R$ ---
811;Cadeira Gamer Alpha Gamer Nebula Fabric, Até 150 kg, Apoio de Braço 4D, Reclinável, Cinza - AGNEBULA;R$ ---
812;Cadeira Gamer Elements Lunari, Até 120kg, Com Almofada, Descanso de Braço 4D, Cilindro de Gás Classe 4, Knit Special, Preto - 70043;R$ ---
813;Cadeira Gamer DT3 Romeo, Até 140 kg, Com Almofadas, Apoio de Braço 3D+, Reclinável, Preto e Azul - 13792-2;R$ ---
814;Cadeira Gamer DT3 Elise Fabric, Até 130 Kg, Com Almofadas, Reclinável, Descanso de Braço 1D, Preto - 13443-5;R$ ---
815;Cadeira DT3 Nero, Até 120kg, com Almofada, Reclinável, Braço 4D, Cilindro de Gás Classe 4, Preto - 13747-2;R$ ---
816;Cadeira Gamer DT3 Nero Elite Ashen, Até 150 Kg, Com Almofada, Reclinável, Descanso de Braço 4D, Cinza - 13541-4;R$ ---
817;Cadeira Gamer Phenix Alpha Gamer, Até 150Kg, 2x Almofadas, Reclinável, Braços 4D, Cinza com Preto e Laranja - AGPHENIX-F-GRY-BK-O;R$ ---
818;Cadeira Gamer DT3 Romeo, Até 140 kg, Com Almofadas, Apoio de Braço 3D+, Reclinável, Preto - 13791-1;R$ ---
819;Cadeira Gamer DT3 Elise, Até 130 Kg, com Almofadas, Reclinável, Preto e Cinza - 13439-0;R$ ---
820;Cadeira Gamer Husky Gaming Storm, Cinza, Preto e Branco, Com Almofadas, Reclinável, Descanso de Braço 3D - HST-GBW;R$ ---
821;Cadeira Gamer DT3sports Royce Space Grey - 11913-5;R$ ---
822;Cadeira Gamer DT3 Gamma Fabric, Até 130 Kg, Com Almofadas, Reclinável, Descanso de Braço 3D, Preto - 13491-8;R$ ---
823;Cadeira DT3 Rhino Space Grey, Até 200 Kg, Com Almofadas, Reclinável, Descanso de Braço 4D, Cinza e Preto - 13242-2;R$ ---
824;Cadeira Gamer Husky Gaming Tempest 500, Preto e Vermelho, Com Almofadas, Descanso Para Pernas Retrátil, Reclinável - HGMA079;R$ ---
825;Cadeira Noblechairs Hero Gaming Chair Java Edition - NBL-HRO-PU-JED;R$ ---
826;Cadeira Gamer PCYes Mad Racer V8 Turbo, Black - V8TBMADPT;R$ ---
827;Cadeira Gamer DT3 Elise, Até 130 Kg, com Almofadas, Reclinável, Preto - 13436-7;R$ ---
828;Cadeira Gamer DT3 Royce Graphite, Até 180 Kg, Com Almofadas, Reclinável, Descanso de Braço 4D, Cinza e Preto - 13337-7;R$ ---
829;Cadeira Gamer DT3sports Modena, Black Blue - 10501-7;R$ ---
830;Cadeira Gamer Raven X-30, Até 200Kg, com Almofadas, Descanso de Braço 4D, Encosto Reclinável, Trava de Inclinação, Branco - CDRVX30BR;R$ ---
831;Cadeira Gamer Husky Gaming Hailstorm, Preto e Branco, Com Almofadas, Reclinável, Descanso de Braço 2D - HHA-BW;R$ ---
832;Cadeira Gamer DT3 Elise Fabric, Até 130 Kg, Com Almofadas, Reclinável, Descanso de Braço 2D, Preto e Vermelho - 13446-8;R$ ---
833;Braços para Cadeira Husky Gaming Storm, Hailstorm, Racing, Blizzard RGB - PREP070;R$ ---
834;Cadeira Gamer Noblechairs HERO Elden Ring Edição Limitada, até 150Kg, Preto - PGW-NB-HGC-017;R$ ---
835;Cadeira Gamer Drakon, Suporta até 140kg, Com Almofadas, Reclinável, Preta - CH31BK;R$ ---
836;Cadeira Gamer DT3sports Romeo, Até 110kg, Com Almofadas, Reclinável, Descanso de Braço 3D, Preto e Azul - 11203-7;R$ ---
837;Cadeira Gamer DT3sports Modena, Black Red - 10504-0;R$ ---
838;Cadeira Gamer Alpha Gamer Nebula Fabric, Tecido, Até 150 kg, Apoio de Braço 4D, Reclinável, Cinza e Rosa - AGNEBULA-GRY-PK;R$ ---
839;Cadeira Gamer Elements Magna, Até 130kg, Descanso de Braço 3D, Cilindro de Gás Classe 4, Linho, Cinza - 70001;R$ ---
840;Cadeira DT3 Nero, Até 150kg,  Com Almofada, Reclinável, Descanso de Braço 4D, Preto e Azul  - 13548-1;R$ ---
841;Cadeira DT3sports Elise Fabric Black - 12191-4;R$ ---
842;Cadeira Gamer Alpha Gamer Alegra, Até 150 kg, Apoio de Braço 4D, Mecanismo Frog, Apoio Lombar Ajustável, Branco  - AGALEGRA-PUL-WHT;R$ ---
843;Cadeira Gamer ThunderX3 TGC12 Profissional, Até 120kg, Com Almofadas, Reclinável, Descanso de Braço 2D, Branco e Preto - 78202;R$ ---
844;Cadeira Gamer DT3 Grigio, Até 130Kg, Com Almofadas, Reclinável, Descanso de Braço 1D,  Cinza e Preto - 13373-7;R$ ---
845;Cadeira Gamer Alpha Gamer Alegra, Até 150 kg, Apoio de Braço 4D, Mecanismo Frog, Apoio Lombar Ajustável, Cinza - AGALEGRA-PUL-GRY;R$ ---
846;Cadeira Gamer  DT3 Nero,  Até 120kg, com Almofada, Reclinável, Braço 4D, Cilindro de Gás Classe 4, Grafite - 13748-3;R$ ---
847;Cadeira Gamer XT Racer Defender, Até 120kg, Com Almofadas, Reclinável, Descanso de Braço 3D, Preto e Vermelho - XTR-030;R$ ---
848;Cadeira Gamer XT Racer Speed Series, Até 120kg, Com Almofadas, Reclinável, Descanso de Braço 2D, Preto e Cinza - XTS130;R$ ---
849;Cadeira Gamer DT3 Romeo, Até 140 kg, Com Almofadas, Apoio de Braço 3D+, Reclinável, Cinza - 13794-4;R$ ---
850;Cadeira Gamer Corsair T2 Road Warrior, Até 136Kg, Apoio de Braço 4D, com Almofadas, Reclinável, Preto e Amarelo - CF-9010010-WW;R$ ---
851;Cadeira Gamer XT Racer Draco, Até 120kg, Com Almofadas, Reclinável, Descanso de Braço 4D, Preto e Cinza - XTR-065;R$ ---
852;Cadeira Gamer DT3sports Rhino Red - 11233-0;R$ ---
853;Cadeira Gamer XT Racer Defender, Até 120kg, Com Almofadas, Reclinável, Descanso de Braço 3D, Preto e Rosa - XTR-033;R$ ---
854;Cadeira Gamer ThunderX3 TGC12 EVO, Até 125Kg, com Almofadas, Cilindro de Gás, Azul - 76420;R$ ---
855;Cadeira Gamer XT Racer Speed Series, Até 120kg, Com Almofadas e Apoio de Pés, Reclinável, Descanso de Braço 2D, Preto - XTS190;R$ ---
856;Cadeira Gamer DT3 Mizano Fabric, Até 110 kg, Com Almofadas, Apoio de Braço 3D+, Reclinável, Preto - 13796-6;R$ ---
857;Cadeira Gamer Husky Gaming Blizzard, Preto e Branco, Com Almofadas, Reclinável, Descanso de Braço 2D - HBL-BW;R$ ---
858;Cadeira Gamer Husky Gaming Snow, Preto, Cilindro de Gás Classe 4, Base em Metal, Roda em Nylon - HSN-BK;R$ ---
859;Cadeira Gamer Husky Gaming Storm, Preto e Azul, Com Almofadas, Reclinável, Descanso de Braço 2D - HST-BB;R$ ---
860;Cadeira Gamer Elements Magna, Até 130kg, Descanso de Braço 3D, Cilindro de Gás Classe 4, Linho, Marrom - 70002;R$ ---
861;Cadeira Gamer DT3 Módena, Até 140 kg, Com Almofadas, Apoio de Braço 3D+, Reclinável, Cinza - 13788-7;R$ ---
862;Cadeira Gamer DT3sports Elise, Orange - 10636-6;R$ ---
863;Cadeira Gamer Corsair TC60 Fabric, Até 120Kg,  Apoio de Braços 3D, Reclinável, Cilindro de Gás Classe 4, Preto e Cinza - CF-9010035-WW;R$ ---
864;Cadeira Gamer Drakon, Até 140kg, Com Almofadas, Reclinável, Preto e Cinza - CH31BKGY;R$ ---
865;Cadeira Gamer Sharkoon Elbrus 1, Black Green;R$ ---
866;Braços para Cadeiras Husky Gaming, Snow 2 lados - HAC-BS;R$ ---
867;Cadeira Gamer XT Racer Platinum W Series, Até 120kg, Com Almofadas, Reclinável, Descanso de Braço 3D, Off White - XTR-068;R$ ---
868;Rodízios para Cadeiras Husky Gaming Snow, Polar e Frost KIT C/5 - HAC-RSPF;R$ ---
869;Cadeira Gamer Noblechairs EPIC Leather, Black - NBL-RL-BLA-001;R$ ---
870;Cadeira Gamer TC3 ThunderX3, Encosto Reclinável, Braço 2D, 125Kg, Preto - 72993;R$ ---
871;Cadeira Gamer Elements Magna, Até 130kg, Descanso de Braço 3D, Cilindro de Gás Classe 4, Linho, Cinza Escuro - 70003;R$ ---
872;Cadeira Gamer Motospeed Hyrax, Até 150kg, Design ergonômico, Pistão Classe 4, Rosa - HCD300P;R$ ---
873;Cadeira Gamer Husky Gaming Blizzard 900 S.E., Azul e Branco, Com Almofadas, Reclinável com Sistema Frog, Descanso de Braço 3D - HGMA094;R$ ---
874;Travesseiros com fita elástica para Cadeiras Husky Gaming, Preto e Branco - HAC-TSBHW;R$ ---
875;Descanso de Braço para Cadeira Husky Gaming Storm, Tactical - PREP074;R$ ---
876;Cadeira Gamer DT3 Sports Nero, Até 125 Kg, Com Almofada, Reclinável, Apoio de Braço 3D, Preto - 13367-0;R$ ---
877;Cadeira Gamer PCTop Strike 1005, até 120Kg, com Almofadas, Reclinável, Preto e Preto - 1005;R$ ---
878;Travesseiros com fita elástica para Cadeiras Husky Gaming, Preto e Azul - HAC-TSBHB;R$ ---
879;Cadeira Gamer Alpha Gamer Nebula Fabric, Até 150 kg, Apoio de Braço 4D, Reclinável, Cinza e Laranja - AGNEBULA-GRY-O;R$ ---
880;Cadeira Gamer Husky Gaming Storm, Preto e Branco, Com Almofadas, Reclinável, Descanso de Braço 2D - HST-BW;R$ ---
881;Cadeira Gamer XT Racer Viking Series, Até 120kg, Com Almofadas e Apoio de Pés, Reclinável, Descanso de Braço 3D, Preto - XTR-018;R$ ---
882;Cadeira Gamer ThunderX3 TGC12 EVO, Até 125Kg, com Almofadas, Cilindro de Gás, Branco - 76421;R$ ---
883;Cadeira Gamer DT3 Nero,  Até 150kg, Com Almofada, Reclinável, Descanso de Braço 4D, Preto e Rosa - 13546-9;R$ ---
884;Cadeira Gamer XT Racer Viking Series, Até 120kg, Com Almofadas e Apoio de Pés, Reclinável, Descanso de Braço 3D, Rosa e Branco - XTR-023;R$ ---
885;Cadeira Gamer Corsair T2 Road Warrior, Até 136Kg, Apoio de Braços 4D, Almofadas, Reclinável, Cilindro de Gás Classe 4, Preto e Vermelho - CF-9010008-WW;R$ ---
886;Cadeira Gamer DT3 Módena, Até 140 kg, Com Almofadas, Apoio de Braço 3D+, Reclinável, Preto e Azul - 13785-4;R$ ---
887;Cadeira Gamer DT3 Romeo, Até 140 kg, Com Almofadas, Apoio de Braço 3D+, Reclinável, Preto e Vermelho - 13795-5;R$ ---
888;Cadeira Gamer DT3 Mizano Fabric, Até 110 kg, Com Almofadas, Apoio de Braço 3D+, Reclinável, Cinza - 13799-9;R$ ---
889;Cadeira Gamer Husky Gaming Tactical, Digital Marpat, Preto, Com Almofadas, Reclinável, Descanso de Braço 2D - HTT-DW;R$ ---
890;Cadeira Gamer Alpha Gamer Alegra,  Até 150 kg, Apoio de Braço 4D, Mecanismo Frog, Apoio Lombar Ajustável, Preto - AGALEGRA-PUL-BK;R$ ---
891;Cadeira Gamer DT3sports Rhino Blue - 11230-7;R$ ---
892;Cadeira Gamer XT Racer Speed Series, Até 120kg, Com Almofadas, Reclinável, Descanso de Braço 2D, Preto e Vermelho - XTS140;R$ ---
893;Cadeira Gamer ThunderX3 TGC12, Até 120kg, Com Almofadas, Descanso de Braço 2D, Preto e Azul;R$ ---
894;Cadeira Gamer Corsair T2 Road Warrior, Até 136Kg, Apoio de Braços 4D, com Almofadas, Reclinável, Preto - CF-9010006-WW;R$ ---
895;Rodízios para Cadeiras Husky Gaming Storm, Blizzard e Hailstorm KIT C/ 5 Preto - HAC-RSBHBL;R$ ---
896;Cadeira Gamer XT Racer Viking Series, Até 120kg, Com Almofadas e Apoio de Pés, Reclinável, Descanso de Braço 3D, Preto e Branco - XTR-022;R$ ---
897;Cadeira Gamer Husky Gaming Storm, Azul, Preto e Branco, Com Almofadas, Reclinável, Descanso de Braço 2D - HST-BBW;R$ ---
898;Cadeira Gamer DT3 Módena, Até 140 kg, Com Almofadas, Apoio de Braço 3D+, Reclinável, Dark Grey - 13786-5;R$ ---
899;Cadeira Gamer Husky Gaming Blizzard, Preto, Com Almofadas, Reclinável, Descanso de Braço 2D - HGMA005;R$ ---
900;Cadeira Gamer Sharkoon Shark Skiller SGS4 Black Red;R$ ---
901;Rodízio Preto para Cadeira Husky Gaming Storm, Blizzard, Hailstorm, Snow, Polar, Blizzard RGB, Tactical - PREP061;R$ ---
902;Cadeira Gamer XT Racer Speed Series, Até 120kg, Com Almofadas e Apoio de Pés, Reclinável, Descanso de Braço 2D, Preto e Cinza - XTS170;R$ ---
903;Cadeira Gamer XT Racer Speed Series, Até 120kg, Com Almofadas e Apoio de Pés, Reclinável, Descanso de Braço 2D, Preto e Vermelho - XTS180;R$ ---
904;Cadeira Gamer DT3 Mizano Fabric, Até 110 kg, Com Almofadas, Apoio de Braço 3D+, Reclinável, Preto e Azul - 13797-7;R$ ---
905;Pistão para Cadeira Husky Gaming Avalanche, Blizzard, Frost, Hailstorm, Polar, Racing, Snow, Storm, Tactical - PREP067;R$ ---
906;Travesseiros com fita elástica para Cadeiras Husky Gaming, Preto - HAC-TSBHBL;R$ ---
907;Rodízios para Cadeiras Husky Gaming Storm, Blizzard e Hailstorm KIT C/ 5 Branco - HAC-RSBHW;R$ ---
908;Cadeira Gamer DT3sports Rhino White - 11234-1;R$ ---
909;Cadeira Gamer XT Racer Draco, Até 120kg, Com Almofadas, Reclinável, Descanso de Braço 4D, Preto - XTR-064;R$ ---
910;Cadeira Gamer Husky Gaming Polar, Preto e Vermelho, Cilindro de Gás Classe 3, Base em Nylon, Roda em Nylon - HPO-BR;R$ ---
911;Cadeira Gamer Pctop Strike, com Almofadas, Encosto Ajustável, Preto/Vermelho - 1005;R$ ---
912;Cadeira Gamer DT3sports Romeo, Grey - 11207-1;R$ ---
913;Cadeira Gamer Noblechairs Hero Doom Edition - NBL-HRO-PU-DET;R$ ---
914;Cadeira Gamer Elements Magna, Até 130kg, Descanso de Braço 3D, Cilindro de Gás Classe 4, Knit, Preto - 70004;R$ ---
915;Cadeira Gamer ThunderX3 TGC12 EVO, Até 125Kg, com Almofadas, Cilindro de Gás, Preto - 76418;R$ ---
916;Cadeira DT3 Nero, Até 150kg,  Com Almofada, Reclinável, Descanso de Braço 4D, Preto e Roxo  - 13547-0;R$ ---
917;Cadeira Gamer Husky Gaming Hailstorm, Preto e Azul, Com Almofadas, Reclinável, Descanso de Braço 2D - HHA-BB;R$ ---
918;Braços para Cadeiras Husky, 2 lados Polar - HAC-BP;R$ ---
919;Cadeira Gamer DT3 Módena, Até 140 kg, Com Almofadas, Apoio de Braço 3D+, Reclinável, Preto e Vermelho - 13790-0;R$ ---
920;Cadeira Gamer Husky Gaming Hailstorm, Preto e Vermelho, Com Almofadas, Reclinável, Descanso de Braço 2D - HHA-BR;R$ ---
921;Cadeira Gamer XT Racer Platinum W Series, Até 120kg, Com Almofadas, Reclinável, Descanso de Braço 3D, Marrom - XTR-016;R$ ---
922;Cadeira Gamer Elements Magna, Até 130kg, Descanso de Braço 3D, Cilindro de Gás Classe 4, Knit, Cinza Claro - 70005;R$ ---
923;Cadeira Gamer DT3sports Mizano, Até 140kg, com Braço 3D, Inclinação e Almofadas, Preto - 10226-1;R$ ---
924;Cadeira Gamer ThunderX3 TGC12, Black Green;R$ ---
925;Cadeira Gamer Alpha Gamer Phenix Fabric, Tecido, Até 150kg, Apoio de Braço 4D, Reclinável, Preto e Azul - AGPHENIX-F-GRY-BK-BL;R$ ---
926;Cadeira Gamer DT3sports Elise, Até 150kg, com Almofadas, Reclinável, Preto e Cinza - 10633-3;R$ ---
927;Travesseiros com fita elástica para Cadeiras Husky Gaming, Preto e Vermelho - HAC-TSBHR;R$ ---
928;Cadeira Gamer XT Racer Viking Series, Até 120kg, Com Almofadas e Apoio de Pés, Reclinável, Descanso de Braço 3D, Preto e Vermelho - XTR-026;R$ ---
929;Travesseiros com fita elástica para Cadeiras Husky Gaming, Preto e Verde - HAC-TSBHR;R$ ---
930;Cadeira Gamer DT3 Royce Cream - 12386-0;R$ ---
931;Cadeira Gamer XT Racer Draco, Até 120kg, Com Almofadas, Reclinável, Descanso de Braço 4D, Preto e Dourado - XTR-062;R$ ---
932;Cadeira Gamer Husky Gaming Frost, Preto e Laranja, Cilindro de Gás Classe 3, Base em Nylon, Roda em Nylon - HFR-BO;R$ ---
933;Cadeira Gamer Husky Gaming Blizzard, Preto e Vermelho, Com Almofadas, Reclinável, Descanso de Braço 2D - HBL-BR;R$ ---
934;Cadeira Gamer XT Racer Defender, Até 120kg, Com Almofadas, Reclinável, Descanso de Braço 3D, Preto e Cinza - XTR-032;R$ ---
935;Descanso de Braço para Cadeira Husky Gaming Storm, Blizzard - PREP071;R$ ---
936;Cadeira Gamer XT Racer Platinum W Series, Até 120kg, Com Almofadas, Reclinável, Descanso de Braço 3D, Azul - XTR-067;R$ ---
937;Cadeira Gamer DT3 Mizano Fabric, Até 110 kg, Com Almofadas, Apoio de Braço 3D+, Reclinável, Preto e Vermelho - 13801-3;R$ ---
938;Cadeira Gamer XT Racer Speed Series, Até 120kg, Com Almofadas e Apoio de Pés, Reclinável, Descanso de Braço 2D, Preto e Laranja - XTS160;R$ ---
939;Cadeira Gamer Noblechairs Epic Compact, Até 120Kg, com Almofadas, Braços 3D, Ajuste de Profundidade, Preto e Vermelho - NBL-ECC-PU-RED;R$ ---
940;Cadeira Gamer DT3sports Elise, Até 130Kg, Reclinável, Preto - 11833-6;R$ ---
941;Rodízio Preto e Azul para Cadeira Husky Gaming Storm, Blizzard, Hailstorm, Snow, Polar - PREP059;R$ ---
942;Cadeira Gamer Corsair TC70 Remix,  Até 120Kg, Apoio de Braços 3D, Reclinável, Cilindro de Gás Classe 4, Preto - CF-9010038-WW;R$ ---
943;Kit de Almofadas para Cadeira Husky Gaming Storm, Preto e Cinza  - PREP097;R$ ---
944;Cadeira Gamer DT3sports Elise, Até 150kg, com Almofadas, Reclinável, Preto e Vermelho - 10637-7;R$ ---
945;Cadeira Gamer Alpha Gamer Zeta Preto, Reclinável, com Almofadas, Cilindro de Gás Classe 4 - AGZETA-BK;R$ ---
946;Cadeira Gamer DT3sports Mizano Fabric, Red - 11361-2;R$ ---
947;Rodízio Preto e Verde para Cadeira Husky Gaming Storm, Blizzard, Hailstorm, Snow, Polar - PREP060;R$ ---
948;Cadeira Gamer Alpha Gamer Kappa, Até 150 kg, Apoio de Braço Acolchoado, Cilindro de Gás Classe 4, Preto - AGKAPPA-BK;R$ ---
949;Cadeira Gamer DT3sports Modena, Black Grey - 10326-2;R$ ---
950;Cadeira Gamer Dazz Elite, 100 Kg, Mecanismo de Ajuste Butterfly, Black - 624761;R$ ---
951;Cadeira Gamer Dazz Dark Shadow, Black - 625165;R$ ---
952;Cadeira Gamer Sharkoon Elbrus 1, Black Pink;R$ ---
953;Cadeira Gamer Multi Tongea Black - GA182;R$ ---
954;Cadeira Gamer Multi Tongea Green - GA160;R$ ---
955;Cadeira Gamer ThunderX3 EC1 Black - 67995;R$ ---
956;Cadeira Gamer ThunderX3 EC1 Black/Red - 67996;R$ ---
957;Cadeira Gamer Elements Gaming Elemental Ignis Black/Red - 63593;R$ ---
958;Cadeira Gamer Fortrek Holt, Black - 70501;R$ ---
959;Cadeira Gamer Vertagear S-Line SL5000 Racing Series, Black/Blue Rev.2 - VG-SL5000-BL;R$ ---
960;Cadeira Gamer Pctop Super 1015, Vermelha;R$ ---
961;Cadeira Gamer Max Racer Storm Target, Até 110Kg, Preta - TGT-06;R$ ---
962;Cadeira Gamer AKRacing Premium V2, Black Silver - 10047-2;R$ ---
963;Cadeira Gamer Husky Gaming Hailstorm, Preto e Verde, Com Almofadas, Reclinável, Descanso de Braço 2D - HHA-BG;R$ ---
964;Cadeira Gamer Husky Gaming Racing, Vermelho, Com Almofadas, Reclinável, Descanso de Braço 3D - HRC-R;R$ ---
965;Braços para Cadeiras Husky, 2 lados Frost - HAC-BF;R$ ---
966;Cadeira Gamer Husky Gaming Blizzard 900 S.E., Rosa e Preto, Com Almofadas, Reclinável com Sistema Frog, Descanso de Braço 3D - HGMA093;R$ ---
